"source","term_name","term_id","adjusted_p_value","negative_log10_of_adjusted_p_value","term_size","query_size","intersection_size","effective_domain_size","intersections"
"GO:MF","protein binding","GO:0005515","4.0871418315930296e-10","9.388580291182597","10189","72","64","20802","TMEM163,BTG2,RGS16,XCL1,IL2RA,HSPA5,DUSP2,SH2D2A,S100A4,S100A6,CSF1,CDKN2A,TNFRSF9,RBPJ,CD8B1,CD8A,ZFP36,HCST,PRF1,SRGN,SNRPD3,ITGB2,GADD45B,IFNG,JUND,CALR,NUTF2,IRF8,CYBA,LGALS3,PSME2,GZMB,CRTAM,THY1,BCL2A1D,BCL2A1B,MAPKAPK3,CISH,CXCR6,PPIA,HAVCR2,MAP2K3,EIF5A,PFN1,CCL1,CCL5,CCL3,CCL4,TBX21,SRSF2,F2R,GZMA,ID2,CALM1,SUB1,IL2RB,LGALS1,LITAF,H2-D1,H2-Q7,MYL12A,NDFIP1,CD226,ANXA1"
"GO:MF","signaling receptor binding","GO:0005102","0.000007288611083684893","5.137355222870028","1624","72","22","20802","XCL1,S100A4,CSF1,CD8B1,HCST,IFNG,CALR,LGALS3,CRTAM,THY1,PPIA,PFN1,CCL1,CCL5,CCL3,CCL4,F2R,CALM1,H2-D1,H2-Q7,MYL12A,CD226"
"GO:MF","protein-containing complex binding","GO:0044877","0.00017735327741768924","3.7511607815294186","1464","72","19","20802","HSPA5,RBPJ,CD8A,KLRC1,ZFP36,SRGN,SNRPD3,ITGB2,CALR,LGALS3,THY1,BCL2A1D,BCL2A1B,PPIA,EIF5A,F2R,H2-D1,H2-Q7,CD226"
"GO:MF","chemokine activity","GO:0008009","0.000259553307160409","3.585773433083086","46","72","5","20802","XCL1,CCL1,CCL5,CCL3,CCL4"
"GO:MF","CCR chemokine receptor binding","GO:0048020","0.0004842535727991365","3.3149271663936197","52","72","5","20802","XCL1,CCL1,CCL5,CCL3,CCL4"
"GO:MF","chemokine receptor binding","GO:0042379","0.0028294719064483444","2.5482946137749622","74","72","5","20802","XCL1,CCL1,CCL5,CCL3,CCL4"
"GO:MF","binding","GO:0005488","0.0028563535926333927","2.5441880315512533","14895","72","67","20802","TMEM163,BTG2,RGS16,XCL1,IL2RA,HSPA5,DUSP2,SH2D2A,S100A4,S100A6,CSF1,CDKN2A,TNFRSF9,RBPJ,CD8B1,CD8A,CNBP,KLRC1,ZFP36,HCST,PRF1,SRGN,SNRPD3,ITGB2,GADD45B,IFNG,JUND,CALR,NUTF2,IRF8,CYBA,LGALS3,PSME2,GZMB,CRTAM,THY1,BCL2A1D,BCL2A1B,MAPKAPK3,CISH,CXCR6,PPIA,HAVCR2,MAP2K3,EIF5A,PFN1,CCL1,CCL5,CCL3,CCL4,ATP5G1,TBX21,SRSF2,F2R,GZMA,ID2,CALM1,SUB1,IL2RB,LGALS1,LITAF,H2-D1,H2-Q7,MYL12A,NDFIP1,CD226,ANXA1"
"GO:MF","interleukin-2 receptor activity","GO:0004911","0.005791237444855171","2.2372286283188605","2","72","2","20802","IL2RA,IL2RB"
"GO:MF","cytokine activity","GO:0005125","0.00926248347251363","2.0332725539440633","239","72","7","20802","XCL1,CSF1,IFNG,CCL1,CCL5,CCL3,CCL4"
"GO:MF","interleukin-2 binding","GO:0019976","0.017334732851763603","1.7610828469351254","3","72","2","20802","IL2RA,IL2RB"
"GO:MF","CCR1 chemokine receptor binding","GO:0031726","0.017334732851763603","1.7610828469351254","3","72","2","20802","CCL5,CCL4"
"GO:MF","cytokine receptor binding","GO:0005126","0.04808522130591915","1.3179883808299344","310","72","7","20802","XCL1,CSF1,IFNG,CCL1,CCL5,CCL3,CCL4"
"GO:BP","immune system process","GO:0002376","8.779065777218444e-14","13.056551697008004","2807","73","40","21118","XCL1,IL2RA,CSF1,CDKN2A,RBPJ,CD8B1,CD8A,KLRC1,ZFP36,HCST,PRF1,ITGB2,IFNG,JUND,CALR,IRF8,CYBA,LGALS3,PSME2,GZMB,CRTAM,THY1,BCL2A1D,CXCR6,PPIA,HAVCR2,CCL1,CCL5,CCL3,CCL4,TBX21,ID2,IL2RB,LGALS1,H2-D1,H2-Q7,H2-T22,NDFIP1,CD226,ANXA1"
"GO:BP","cell activation","GO:0001775","3.175703610875371e-13","12.498160037154221","1115","73","27","21118","XCL1,IL2RA,CDKN2A,RBPJ,CD8A,KLRC1,PRF1,ITGB2,IFNG,JUND,IRF8,LGALS3,CRTAM,THY1,BCL2A1D,PPIA,HAVCR2,CCL5,CCL3,TBX21,F2R,ID2,IL2RB,LGALS1,NDFIP1,CD226,ANXA1"
"GO:BP","leukocyte activation","GO:0045321","2.538895796845437e-12","11.59535512338138","996","73","25","21118","XCL1,IL2RA,CDKN2A,RBPJ,CD8A,KLRC1,PRF1,ITGB2,IFNG,JUND,IRF8,LGALS3,CRTAM,THY1,BCL2A1D,HAVCR2,CCL5,CCL3,TBX21,ID2,IL2RB,LGALS1,NDFIP1,CD226,ANXA1"
"GO:BP","regulation of immune system process","GO:0002682","1.0645701691276641e-11","10.972825707583477","1406","73","28","21118","XCL1,IL2RA,CSF1,CDKN2A,CD8B1,KLRC1,ZFP36,HCST,IFNG,JUND,CALR,CYBA,LGALS3,CRTAM,THY1,BCL2A1D,HAVCR2,CCL1,CCL5,CCL3,CCL4,TBX21,ID2,LGALS1,H2-D1,NDFIP1,CD226,ANXA1"
"GO:BP","regulation of cytokine production","GO:0001817","4.8683122617714577e-11","10.312621573166927","724","73","21","21118","XCL1,TNFRSF9,ZFP36,SRGN,IFNG,NUTF2,IRF8,CYBA,CRTAM,HAVCR2,MAP2K3,CCL1,CCL5,CCL3,CCL4,TBX21,F2R,LITAF,NDFIP1,CD226,ANXA1"
"GO:BP","cytokine production","GO:0001816","5.87481109771047e-11","10.231006093403616","731","73","21","21118","XCL1,TNFRSF9,ZFP36,SRGN,IFNG,NUTF2,IRF8,CYBA,CRTAM,HAVCR2,MAP2K3,CCL1,CCL5,CCL3,CCL4,TBX21,F2R,LITAF,NDFIP1,CD226,ANXA1"
"GO:BP","lymphocyte activation","GO:0046649","6.626216233912569e-11","10.178734395851775","831","73","22","21118","XCL1,IL2RA,CDKN2A,RBPJ,CD8A,KLRC1,PRF1,ITGB2,IFNG,IRF8,LGALS3,CRTAM,THY1,BCL2A1D,HAVCR2,CCL5,TBX21,ID2,IL2RB,LGALS1,NDFIP1,ANXA1"
"GO:BP","immune response","GO:0006955","2.0480844231316976e-10","9.68865214547718","1857","73","30","21118","XCL1,IL2RA,CSF1,RBPJ,CD8B1,CD8A,KLRC1,HCST,PRF1,IFNG,IRF8,CYBA,LGALS3,GZMB,CRTAM,THY1,BCL2A1D,CXCR6,HAVCR2,CCL1,CCL5,CCL3,CCL4,TBX21,LGALS1,H2-D1,H2-Q7,NDFIP1,CD226,ANXA1"
"GO:BP","response to biotic stimulus","GO:0009607","2.7194221685054715e-10","9.565523366439654","1601","73","28","21118","XCL1,HSPA5,CSF1,RBPJ,CD8A,KLRC1,ZFP36,PRF1,IFNG,JUND,IRF8,CYBA,LGALS3,GZMB,CRTAM,MAPKAPK3,HAVCR2,CCL1,CCL5,CCL3,CCL4,TBX21,F2R,GZMA,LITAF,H2-Q7,CD226,ANXA1"
"GO:BP","response to external stimulus","GO:0009605","7.340740816848696e-10","9.134260109507016","2912","73","36","21118","BTG2,XCL1,IL2RA,HSPA5,CSF1,RBPJ,CD8A,KLRC1,ZFP36,PRF1,IFNG,JUND,CALR,IRF8,CYBA,LGALS3,GZMB,CRTAM,MAPKAPK3,CXCR6,PPIA,HAVCR2,CCL1,CCL5,CCL3,CCL4,TBX21,SRSF2,F2R,GZMA,ID2,LITAF,H2-Q7,NDFIP1,CD226,ANXA1"
"GO:BP","positive regulation of immune system process","GO:0002684","9.202393944624255e-10","9.036099178991849","947","73","22","21118","XCL1,IL2RA,CSF1,IFNG,JUND,CALR,CYBA,LGALS3,CRTAM,THY1,BCL2A1D,HAVCR2,CCL1,CCL5,CCL3,CCL4,TBX21,ID2,LGALS1,H2-D1,CD226,ANXA1"
"GO:BP","biological process involved in interspecies interaction between organisms","GO:0044419","9.99004191142613e-10","9.000432689765718","1688","73","28","21118","XCL1,CSF1,RBPJ,CD8A,KLRC1,ZFP36,PRF1,IFNG,JUND,IRF8,CYBA,LGALS3,GZMB,CRTAM,MAPKAPK3,HAVCR2,CCL1,CCL5,CCL3,CCL4,TBX21,F2R,GZMA,LGALS1,LITAF,H2-Q7,CD226,ANXA1"
"GO:BP","response to other organism","GO:0051707","1.1522023576784899e-9","8.938471240439373","1562","73","27","21118","XCL1,CSF1,RBPJ,CD8A,KLRC1,ZFP36,PRF1,IFNG,JUND,IRF8,CYBA,LGALS3,GZMB,CRTAM,MAPKAPK3,HAVCR2,CCL1,CCL5,CCL3,CCL4,TBX21,F2R,GZMA,LITAF,H2-Q7,CD226,ANXA1"
"GO:BP","response to external biotic stimulus","GO:0043207","1.2058198638383694e-9","8.918717566146286","1565","73","27","21118","XCL1,CSF1,RBPJ,CD8A,KLRC1,ZFP36,PRF1,IFNG,JUND,IRF8,CYBA,LGALS3,GZMB,CRTAM,MAPKAPK3,HAVCR2,CCL1,CCL5,CCL3,CCL4,TBX21,F2R,GZMA,LITAF,H2-Q7,CD226,ANXA1"
"GO:BP","leukocyte migration","GO:0050900","2.553920393187838e-9","8.59279264400998","361","73","15","21118","XCL1,CSF1,ITGB2,IFNG,CALR,LGALS3,CRTAM,THY1,PPIA,CCL1,CCL5,CCL3,CCL4,TBX21,ANXA1"
"GO:BP","defense response","GO:0006952","9.04967600163443e-9","8.043366969217024","1705","73","27","21118","XCL1,IL2RA,CSF1,RBPJ,CD8A,KLRC1,ZFP36,PRF1,ITGB2,IFNG,IRF8,CYBA,LGALS3,GZMB,CRTAM,CXCR6,HAVCR2,MAP2K3,CCL1,CCL5,CCL3,CCL4,F2R,H2-Q7,NDFIP1,CD226,ANXA1"
"GO:BP","leukocyte differentiation","GO:0002521","1.5238414771384246e-8","7.817060209626907","574","73","17","21118","IL2RA,CSF1,CDKN2A,RBPJ,CD8A,KLRC1,IFNG,IRF8,CRTAM,BCL2A1D,CCL5,CCL3,TBX21,ID2,LGALS1,NDFIP1,ANXA1"
"GO:BP","positive regulation of cellular process","GO:0048522","1.772759409455508e-8","7.751350200798293","5796","73","48","21118","BTG2,XCL1,IL2RA,HSPA5,S100A4,CSF1,CDKN2A,RBPJ,CD8A,CNBP,ZFP36,HCST,PRF1,ITGB2,GADD45B,IFNG,JUND,CALR,NUTF2,IRF8,CYBA,LGALS3,PSME2,CRTAM,THY1,PPIA,HAVCR2,MAP2K3,EIF5A,PFN1,CCL1,CCL5,CCL3,CCL4,ATP5G1,TBX21,F2R,GZMA,ID2,CALM1,SUB1,IL2RB,LGALS1,LITAF,H2-D1,NDFIP1,CD226,ANXA1"
"GO:BP","response to stress","GO:0006950","1.835368570859935e-8","7.736276709495015","3817","73","39","21118","BTG2,XCL1,IL2RA,HSPA5,CSF1,CDKN2A,RBPJ,CD8A,KLRC1,ZFP36,PRF1,ITGB2,GADD45B,IFNG,CALR,IRF8,CYBA,LGALS3,GZMB,CRTAM,THY1,BCL2A1D,BCL2A1B,CXCR6,PPIA,HAVCR2,MAP2K3,CCL1,CCL5,CCL3,CCL4,ATP5G1,F2R,ID2,LGALS1,H2-Q7,NDFIP1,CD226,ANXA1"
"GO:BP","T cell activation","GO:0042110","2.301452639751512e-8","7.637997957770315","502","73","16","21118","XCL1,IL2RA,CDKN2A,CD8A,KLRC1,IFNG,LGALS3,CRTAM,THY1,BCL2A1D,HAVCR2,CCL5,TBX21,LGALS1,NDFIP1,ANXA1"
"GO:BP","granulocyte chemotaxis","GO:0071621","3.332984003356171e-8","7.477166770729154","126","73","10","21118","XCL1,CSF1,IFNG,LGALS3,PPIA,CCL1,CCL5,CCL3,CCL4,ANXA1"
"GO:BP","mononuclear cell migration","GO:0071674","3.6601095447132346e-8","7.436505916257903","174","73","11","21118","XCL1,CSF1,CALR,LGALS3,CRTAM,CCL1,CCL5,CCL3,CCL4,TBX21,ANXA1"
"GO:BP","regulation of multicellular organismal process","GO:0051239","4.2249205494093144e-8","7.374181453643887","2788","73","33","21118","XCL1,IL2RA,HSPA5,CSF1,CDKN2A,TNFRSF9,RBPJ,ZFP36,SRGN,ITGB2,IFNG,CALR,NUTF2,IRF8,CYBA,CRTAM,THY1,HAVCR2,MAP2K3,PFN1,CCL1,CCL5,CCL3,CCL4,ATP5G1,TBX21,F2R,ID2,CALM1,LITAF,NDFIP1,CD226,ANXA1"
"GO:BP","mononuclear cell differentiation","GO:1903131","5.1616982579714225e-8","7.287207386992499","446","73","15","21118","IL2RA,CSF1,CDKN2A,RBPJ,CD8A,KLRC1,IFNG,IRF8,CRTAM,BCL2A1D,TBX21,ID2,LGALS1,NDFIP1,ANXA1"
"GO:BP","positive regulation of gene expression","GO:0010628","5.99711241206939e-8","7.222057810511248","1171","73","22","21118","XCL1,CSF1,CDKN2A,RBPJ,CNBP,ZFP36,IFNG,CALR,IRF8,CYBA,CRTAM,HAVCR2,EIF5A,CCL1,CCL5,CCL3,CCL4,TBX21,F2R,ID2,CD226,ANXA1"
"GO:BP","inflammatory response","GO:0006954","7.241556334134159e-8","7.1401680864700845","732","73","18","21118","XCL1,IL2RA,CSF1,RBPJ,ZFP36,ITGB2,IFNG,CYBA,CXCR6,HAVCR2,MAP2K3,CCL1,CCL5,CCL3,CCL4,F2R,NDFIP1,ANXA1"
"GO:BP","negative regulation of cellular process","GO:0048523","7.535140074380662e-8","7.122908669963133","5068","73","44","21118","BTG2,RGS16,XCL1,IL2RA,HSPA5,DUSP2,CSF1,CDKN2A,TNFRSF9,RBPJ,CNBP,KLRC1,ZFP36,GADD45B,IFNG,CALR,IRF8,CYBA,LGALS3,CRTAM,THY1,BCL2A1D,BCL2A1B,CISH,PPIA,HAVCR2,MAP2K3,EIF5A,PFN1,CCL5,CCL3,ATP5G1,TBX21,F2R,GZMA,ID2,CALM1,SUB1,IL2RB,LGALS1,LITAF,H2-D1,NDFIP1,ANXA1"
"GO:BP","negative regulation of biological process","GO:0048519","8.156005908726415e-8","7.088522468263399","5544","73","46","21118","BTG2,RGS16,XCL1,IL2RA,HSPA5,DUSP2,CSF1,CDKN2A,TNFRSF9,RBPJ,CNBP,KLRC1,ZFP36,SRGN,GADD45B,IFNG,CALR,NUTF2,IRF8,CYBA,LGALS3,CRTAM,THY1,BCL2A1D,BCL2A1B,CISH,PPIA,HAVCR2,MAP2K3,EIF5A,PFN1,CCL5,CCL3,ATP5G1,TBX21,F2R,GZMA,ID2,CALM1,SUB1,IL2RB,LGALS1,LITAF,H2-D1,NDFIP1,ANXA1"
"GO:BP","regulation of T cell activation","GO:0050863","8.638130270667504e-8","7.063580250693077","311","73","13","21118","XCL1,IL2RA,CDKN2A,IFNG,LGALS3,CRTAM,THY1,HAVCR2,CCL5,TBX21,LGALS1,NDFIP1,ANXA1"
"GO:BP","positive regulation of biological process","GO:0048518","9.620345670371564e-8","7.016809322968648","6305","73","49","21118","BTG2,XCL1,IL2RA,HSPA5,S100A4,CSF1,CDKN2A,RBPJ,CD8A,CNBP,ZFP36,HCST,PRF1,ITGB2,GADD45B,IFNG,JUND,CALR,NUTF2,IRF8,CYBA,LGALS3,PSME2,CRTAM,THY1,BCL2A1D,PPIA,HAVCR2,MAP2K3,EIF5A,PFN1,CCL1,CCL5,CCL3,CCL4,ATP5G1,TBX21,F2R,GZMA,ID2,CALM1,SUB1,IL2RB,LGALS1,LITAF,H2-D1,NDFIP1,CD226,ANXA1"
"GO:BP","lymphocyte differentiation","GO:0030098","1.3718872885006397e-7","6.862681567924442","397","73","14","21118","IL2RA,CDKN2A,RBPJ,CD8A,KLRC1,IFNG,IRF8,CRTAM,BCL2A1D,TBX21,ID2,LGALS1,NDFIP1,ANXA1"
"GO:BP","granulocyte migration","GO:0097530","2.1608388073614803e-7","6.665377629083654","152","73","10","21118","XCL1,CSF1,IFNG,LGALS3,PPIA,CCL1,CCL5,CCL3,CCL4,ANXA1"
"GO:BP","leukocyte cell-cell adhesion","GO:0007159","2.6043088411166715e-7","6.584307514712362","340","73","13","21118","XCL1,IL2RA,CDKN2A,ITGB2,IFNG,CRTAM,THY1,HAVCR2,CCL5,TBX21,LGALS1,NDFIP1,ANXA1"
"GO:BP","leukocyte chemotaxis","GO:0030595","4.5685366048455463e-7","6.340222891006399","220","73","11","21118","XCL1,CSF1,IFNG,CALR,LGALS3,PPIA,CCL1,CCL5,CCL3,CCL4,ANXA1"
"GO:BP","cell killing","GO:0001906","4.855069681728532e-7","6.31380453255865","165","73","10","21118","XCL1,KLRC1,PRF1,IFNG,GZMB,CRTAM,HAVCR2,CCL1,H2-D1,CD226"
"GO:BP","regulation of mononuclear cell proliferation","GO:0032944","5.535418001285221e-7","6.2568495782546005","224","73","11","21118","XCL1,IL2RA,CSF1,CDKN2A,IFNG,LGALS3,CRTAM,HAVCR2,CCL5,NDFIP1,ANXA1"
"GO:BP","regulation of response to stimulus","GO:0048583","6.005998850602342e-7","6.221414755250109","3851","73","37","21118","RGS16,XCL1,IL2RA,HSPA5,DUSP2,S100A4,CSF1,CDKN2A,RBPJ,CD8B1,CD8A,KLRC1,ZFP36,HCST,GADD45B,IFNG,CALR,CYBA,LGALS3,CRTAM,THY1,BCL2A1D,CISH,PPIA,HAVCR2,MAP2K3,CCL1,CCL5,CCL3,CCL4,TBX21,F2R,LITAF,H2-D1,NDFIP1,CD226,ANXA1"
"GO:BP","regulation of T cell proliferation","GO:0042129","6.509507240903658e-7","6.186451885572525","170","73","10","21118","XCL1,IL2RA,CDKN2A,IFNG,LGALS3,CRTAM,HAVCR2,CCL5,NDFIP1,ANXA1"
"GO:BP","cell chemotaxis","GO:0060326","9.918806366395923e-7","6.003540587894003","304","73","12","21118","XCL1,CSF1,IFNG,CALR,LGALS3,CXCR6,PPIA,CCL1,CCL5,CCL3,CCL4,ANXA1"
"GO:BP","regulation of leukocyte cell-cell adhesion","GO:1903037","9.918806366395923e-7","6.003540587894003","304","73","12","21118","XCL1,IL2RA,CDKN2A,IFNG,CRTAM,THY1,HAVCR2,CCL5,TBX21,LGALS1,NDFIP1,ANXA1"
"GO:BP","regulation of leukocyte activation","GO:0002694","0.000001130206431238595","5.946842225755616","654","73","16","21118","XCL1,IL2RA,CDKN2A,IFNG,JUND,LGALS3,CRTAM,THY1,HAVCR2,CCL5,TBX21,ID2,LGALS1,NDFIP1,CD226,ANXA1"
"GO:BP","positive regulation of cell migration","GO:0030335","0.0000011348723972538336","5.9450529669148375","557","73","15","21118","XCL1,HSPA5,CSF1,IFNG,CALR,LGALS3,THY1,MAP2K3,PFN1,CCL1,CCL5,CCL3,CCL4,F2R,ANXA1"
"GO:BP","regulation of leukocyte proliferation","GO:0070663","0.0000013131702376899","5.881678968886286","243","73","11","21118","XCL1,IL2RA,CSF1,CDKN2A,IFNG,LGALS3,CRTAM,HAVCR2,CCL5,NDFIP1,ANXA1"
"GO:BP","regulation of cell killing","GO:0031341","0.0000018784185362668908","5.726207634785809","92","73","8","21118","XCL1,KLRC1,PRF1,IFNG,CRTAM,HAVCR2,H2-D1,CD226"
"GO:BP","immune system development","GO:0002520","0.000001906467245075201","5.719770651919446","1015","73","19","21118","IL2RA,CSF1,CDKN2A,RBPJ,CD8A,KLRC1,ZFP36,IFNG,IRF8,CRTAM,BCL2A1D,HAVCR2,CCL5,CCL3,TBX21,ID2,LGALS1,NDFIP1,ANXA1"
"GO:BP","defense response to other organism","GO:0098542","0.0000019302246359244508","5.714392145673372","1140","73","20","21118","XCL1,CSF1,RBPJ,CD8A,KLRC1,PRF1,IFNG,IRF8,CYBA,LGALS3,GZMB,CRTAM,HAVCR2,CCL1,CCL5,CCL3,CCL4,H2-Q7,CD226,ANXA1"
"GO:BP","positive regulation of cell motility","GO:2000147","0.000002022106140874835","5.694196051916918","581","73","15","21118","XCL1,HSPA5,CSF1,IFNG,CALR,LGALS3,THY1,MAP2K3,PFN1,CCL1,CCL5,CCL3,CCL4,F2R,ANXA1"
"GO:BP","immune effector process","GO:0002252","0.0000021148379053403465","5.674722914111158","683","73","16","21118","XCL1,CD8A,KLRC1,PRF1,IFNG,IRF8,GZMB,CRTAM,HAVCR2,CCL3,TBX21,LGALS1,H2-D1,NDFIP1,CD226,ANXA1"
"GO:BP","regulation of response to external stimulus","GO:0032101","0.000002171864306829838","5.66316731197266","904","73","18","21118","XCL1,IL2RA,CSF1,KLRC1,ZFP36,IFNG,CALR,CYBA,CRTAM,HAVCR2,CCL1,CCL5,CCL3,CCL4,F2R,NDFIP1,CD226,ANXA1"
"GO:BP","hemopoiesis","GO:0030097","0.0000023703288435344525","5.62519139870493","909","73","18","21118","IL2RA,CSF1,CDKN2A,RBPJ,CD8A,KLRC1,ZFP36,IFNG,IRF8,CRTAM,BCL2A1D,CCL5,CCL3,TBX21,ID2,LGALS1,NDFIP1,ANXA1"
"GO:BP","monocyte chemotaxis","GO:0002548","0.0000024043553405559827","5.619001347385432","59","73","7","21118","XCL1,LGALS3,CCL1,CCL5,CCL3,CCL4,ANXA1"
"GO:BP","regulation of cell activation","GO:0050865","0.000002890124331929247","5.539083473676213","698","73","16","21118","XCL1,IL2RA,CDKN2A,IFNG,JUND,LGALS3,CRTAM,THY1,HAVCR2,CCL5,TBX21,ID2,LGALS1,NDFIP1,CD226,ANXA1"
"GO:BP","positive regulation of response to stimulus","GO:0048584","0.000002912286701584292","5.535765872907441","2198","73","27","21118","XCL1,S100A4,CSF1,CDKN2A,RBPJ,CD8A,HCST,GADD45B,IFNG,CALR,CYBA,CRTAM,THY1,BCL2A1D,PPIA,HAVCR2,MAP2K3,CCL1,CCL5,CCL3,CCL4,TBX21,F2R,LITAF,H2-D1,CD226,ANXA1"
"GO:BP","positive regulation of locomotion","GO:0040017","0.0000029959088196402556","5.523471408505845","598","73","15","21118","XCL1,HSPA5,CSF1,IFNG,CALR,LGALS3,THY1,MAP2K3,PFN1,CCL1,CCL5,CCL3,CCL4,F2R,ANXA1"
"GO:BP","positive regulation of cellular component movement","GO:0051272","0.0000029959088196402556","5.523471408505845","598","73","15","21118","XCL1,HSPA5,CSF1,IFNG,CALR,LGALS3,THY1,MAP2K3,PFN1,CCL1,CCL5,CCL3,CCL4,F2R,ANXA1"
"GO:BP","positive regulation of macromolecule metabolic process","GO:0010604","0.000003097232223772842","5.5090262309615445","3467","73","34","21118","BTG2,XCL1,HSPA5,CSF1,CDKN2A,RBPJ,CNBP,ZFP36,GADD45B,IFNG,JUND,CALR,IRF8,CYBA,PSME2,CRTAM,PPIA,HAVCR2,MAP2K3,EIF5A,PFN1,CCL1,CCL5,CCL3,CCL4,TBX21,F2R,ID2,CALM1,SUB1,LITAF,NDFIP1,CD226,ANXA1"
"GO:BP","positive regulation of natural killer cell chemotaxis","GO:2000503","0.0000036303440470319653","5.440052215006001","6","73","4","21118","XCL1,CCL5,CCL3,CCL4"
"GO:BP","negative regulation of immune system process","GO:0002683","0.0000036320921959674942","5.439843136006749","422","73","13","21118","XCL1,IL2RA,CDKN2A,KLRC1,IFNG,CRTAM,THY1,HAVCR2,CCL3,TBX21,ID2,NDFIP1,ANXA1"
"GO:BP","positive regulation of leukocyte migration","GO:0002687","0.000003918574519858092","5.406871889803185","148","73","9","21118","XCL1,CSF1,CALR,LGALS3,THY1,CCL1,CCL5,CCL3,CCL4"
"GO:BP","neutrophil chemotaxis","GO:0030593","0.000004305761603574728","5.365950019361145","102","73","8","21118","XCL1,IFNG,LGALS3,PPIA,CCL1,CCL5,CCL3,CCL4"
"GO:BP","T cell proliferation","GO:0042098","0.000004428150419677132","5.35377763500962","207","73","10","21118","XCL1,IL2RA,CDKN2A,IFNG,LGALS3,CRTAM,HAVCR2,CCL5,NDFIP1,ANXA1"
"GO:BP","negative regulation of lymphocyte activation","GO:0051250","0.0000049601900683750555","5.304501681561229","152","73","9","21118","XCL1,IL2RA,CDKN2A,CRTAM,HAVCR2,TBX21,ID2,NDFIP1,ANXA1"
"GO:BP","hematopoietic or lymphoid organ development","GO:0048534","0.000004998600410104079","5.301151579515273","953","73","18","21118","IL2RA,CSF1,CDKN2A,RBPJ,CD8A,KLRC1,ZFP36,IFNG,IRF8,CRTAM,BCL2A1D,CCL5,CCL3,TBX21,ID2,LGALS1,NDFIP1,ANXA1"
"GO:BP","adaptive immune response","GO:0002250","0.000005565983929597271","5.254458051918128","528","73","14","21118","XCL1,CD8B1,CD8A,KLRC1,PRF1,IFNG,GZMB,CRTAM,HAVCR2,TBX21,H2-D1,NDFIP1,CD226,ANXA1"
"GO:BP","leukocyte mediated cytotoxicity","GO:0001909","0.000005856775130052089","5.23234145031937","106","73","8","21118","XCL1,KLRC1,PRF1,GZMB,CRTAM,HAVCR2,H2-D1,CD226"
"GO:BP","positive regulation of metabolic process","GO:0009893","0.000006245885662539185","5.2044059702471595","3760","73","35","21118","BTG2,XCL1,HSPA5,CSF1,CDKN2A,RBPJ,CNBP,ZFP36,ITGB2,GADD45B,IFNG,JUND,CALR,IRF8,CYBA,PSME2,CRTAM,PPIA,HAVCR2,MAP2K3,EIF5A,PFN1,CCL1,CCL5,CCL3,CCL4,TBX21,F2R,ID2,CALM1,SUB1,LITAF,NDFIP1,CD226,ANXA1"
"GO:BP","regulation of leukocyte migration","GO:0002685","0.000006674985785928101","5.17554965477231","216","73","10","21118","XCL1,CSF1,CALR,LGALS3,THY1,CCL1,CCL5,CCL3,CCL4,ANXA1"
"GO:BP","regulation of lymphocyte mediated immunity","GO:0002706","0.000006978143188785689","5.156260123242526","158","73","9","21118","XCL1,KLRC1,IFNG,CRTAM,HAVCR2,TBX21,H2-D1,NDFIP1,CD226"
"GO:BP","positive regulation of mononuclear cell migration","GO:0071677","0.000007398419800403485","5.130861029626987","69","73","7","21118","XCL1,CALR,LGALS3,CCL1,CCL5,CCL3,CCL4"
"GO:BP","regulation of adaptive immune response based on somatic recombination of immune receptors built from immunoglobulin superfamily domains","GO:0002822","0.000007794896111004585","5.1081896686365384","160","73","9","21118","XCL1,KLRC1,IFNG,HAVCR2,TBX21,H2-D1,NDFIP1,CD226,ANXA1"
"GO:BP","myeloid leukocyte migration","GO:0097529","0.000007963334030459962","5.098905066950751","220","73","10","21118","XCL1,CSF1,IFNG,LGALS3,PPIA,CCL1,CCL5,CCL3,CCL4,ANXA1"
"GO:BP","cell death","GO:0008219","0.000008072130680724549","5.093011815867013","2136","73","26","21118","BTG2,IL2RA,HSPA5,CSF1,CDKN2A,TNFRSF9,RBPJ,ZFP36,PRF1,SRGN,GADD45B,IFNG,LGALS3,GZMB,BCL2A1D,BCL2A1B,PPIA,EIF5A,CCL5,CCL3,ATP5G1,F2R,GZMA,IL2RB,LGALS1,ANXA1"
"GO:BP","regulation of lymphocyte proliferation","GO:0050670","0.000008318018912680594","5.079980096514547","221","73","10","21118","XCL1,IL2RA,CDKN2A,IFNG,LGALS3,CRTAM,HAVCR2,CCL5,NDFIP1,ANXA1"
"GO:BP","regulation of natural killer cell chemotaxis","GO:2000501","0.000008448659978976232","5.073212167959862","7","73","4","21118","XCL1,CCL5,CCL3,CCL4"
"GO:BP","natural killer cell chemotaxis","GO:0035747","0.000008448659978976232","5.073212167959862","7","73","4","21118","XCL1,CCL5,CCL3,CCL4"
"GO:BP","innate immune response","GO:0045087","0.000008471374435651915","5.072046121972243","866","73","17","21118","XCL1,CSF1,KLRC1,IFNG,IRF8,CYBA,LGALS3,GZMB,CRTAM,HAVCR2,CCL1,CCL5,CCL3,CCL4,H2-Q7,CD226,ANXA1"
"GO:BP","regulation of lymphocyte activation","GO:0051249","0.000008734011489336016","5.058786241112647","547","73","14","21118","XCL1,IL2RA,CDKN2A,IFNG,LGALS3,CRTAM,THY1,HAVCR2,CCL5,TBX21,ID2,LGALS1,NDFIP1,ANXA1"
"GO:BP","regulation of leukocyte differentiation","GO:1902105","0.000009017352608682133","5.044920947624423","292","73","11","21118","IL2RA,CSF1,CDKN2A,IFNG,CRTAM,CCL5,CCL3,TBX21,ID2,NDFIP1,ANXA1"
"GO:BP","lymphocyte mediated immunity","GO:0002449","0.000009407491146543794","5.026526181725503","371","73","12","21118","XCL1,CD8A,KLRC1,PRF1,IFNG,GZMB,CRTAM,HAVCR2,TBX21,H2-D1,NDFIP1,CD226"
"GO:BP","response to organic substance","GO:0010033","0.000009508649152199493","5.021881176797188","3418","73","33","21118","BTG2,XCL1,IL2RA,HSPA5,CSF1,CDKN2A,RBPJ,ZFP36,IFNG,JUND,CALR,IRF8,CYBA,MAPKAPK3,CXCR6,HAVCR2,MAP2K3,EIF5A,PFN1,CCL1,CCL5,CCL3,CCL4,ATP5G1,TBX21,SRSF2,F2R,CALM1,IL2RB,LGALS1,LITAF,H2-Q7,ANXA1"
"GO:BP","regulation of mononuclear cell migration","GO:0071675","0.000009748772192065467","5.01105007802333","113","73","8","21118","XCL1,CSF1,CALR,LGALS3,CCL1,CCL5,CCL3,CCL4"
"GO:BP","regulation of response to stress","GO:0080134","0.000009905100226698144","5.004141125609359","1254","73","20","21118","XCL1,IL2RA,HSPA5,CDKN2A,KLRC1,ZFP36,GADD45B,IFNG,CYBA,CRTAM,THY1,PPIA,HAVCR2,CCL1,CCL5,CCL3,F2R,NDFIP1,CD226,ANXA1"
"GO:BP","positive regulation of cytokine production","GO:0001819","0.000010765123652439743","4.967980977334796","462","73","13","21118","XCL1,IFNG,IRF8,CYBA,CRTAM,HAVCR2,CCL1,CCL5,CCL3,CCL4,F2R,CD226,ANXA1"
"GO:BP","leukocyte mediated immunity","GO:0002443","0.000011334497313601868","4.945597736125897","464","73","13","21118","XCL1,CD8A,KLRC1,PRF1,IFNG,GZMB,CRTAM,HAVCR2,CCL3,TBX21,H2-D1,NDFIP1,CD226"
"GO:BP","regulation of hemopoiesis","GO:1903706","0.000012294589522752739","4.91028596639491","380","73","12","21118","IL2RA,CSF1,CDKN2A,ZFP36,IFNG,CRTAM,CCL5,CCL3,TBX21,ID2,NDFIP1,ANXA1"
"GO:BP","negative regulation of T cell activation","GO:0050868","0.000012849662676663235","4.891108273078729","117","73","8","21118","XCL1,IL2RA,CDKN2A,CRTAM,HAVCR2,TBX21,NDFIP1,ANXA1"
"GO:BP","adaptive immune response based on somatic recombination of immune receptors built from immunoglobulin superfamily domains","GO:0002460","0.000014222647270057582","4.847019560584116","385","73","12","21118","XCL1,CD8A,KLRC1,PRF1,IFNG,GZMB,HAVCR2,TBX21,H2-D1,NDFIP1,CD226,ANXA1"
"GO:BP","cellular response to interferon-gamma","GO:0071346","0.00001469679265047121","4.83277743301945","119","73","8","21118","XCL1,IFNG,IRF8,CCL1,CCL5,CCL3,CCL4,H2-Q7"
"GO:BP","cellular response to chemical stimulus","GO:0070887","0.000015616220940793226","4.806424055166079","3097","73","31","21118","XCL1,IL2RA,HSPA5,CSF1,CDKN2A,RBPJ,ZFP36,IFNG,JUND,CALR,IRF8,CYBA,LGALS3,CXCR6,PPIA,HAVCR2,MAP2K3,EIF5A,PFN1,CCL1,CCL5,CCL3,CCL4,ATP5G1,TBX21,ID2,IL2RB,LGALS1,LITAF,H2-Q7,ANXA1"
"GO:BP","regulation of defense response","GO:0031347","0.00001644334838176248","4.784009741804851","575","73","14","21118","XCL1,IL2RA,KLRC1,ZFP36,IFNG,CYBA,CRTAM,HAVCR2,CCL1,CCL5,CCL3,NDFIP1,CD226,ANXA1"
"GO:BP","regulation of adaptive immune response","GO:0002819","0.00001709635207141457","4.76709654716721","175","73","9","21118","XCL1,KLRC1,IFNG,HAVCR2,TBX21,H2-D1,NDFIP1,CD226,ANXA1"
"GO:BP","mononuclear cell proliferation","GO:0032943","0.00001792074777148061","4.746643872673211","312","73","11","21118","XCL1,IL2RA,CSF1,CDKN2A,IFNG,LGALS3,CRTAM,HAVCR2,CCL5,NDFIP1,ANXA1"
"GO:BP","neutrophil migration","GO:1990266","0.000020349904478900144","4.691437624983426","124","73","8","21118","XCL1,IFNG,LGALS3,PPIA,CCL1,CCL5,CCL3,CCL4"
"GO:BP","apoptotic process","GO:0006915","0.000023599808391175616","4.627091523088915","1919","73","24","21118","BTG2,IL2RA,HSPA5,CDKN2A,TNFRSF9,RBPJ,ZFP36,PRF1,SRGN,GADD45B,IFNG,LGALS3,GZMB,BCL2A1D,BCL2A1B,PPIA,EIF5A,CCL5,CCL3,F2R,GZMA,IL2RB,LGALS1,ANXA1"
"GO:BP","positive regulation of response to external stimulus","GO:0032103","0.00002428446114089252","4.614671528844571","404","73","12","21118","XCL1,CSF1,IFNG,CALR,CYBA,CRTAM,HAVCR2,CCL1,CCL5,CCL3,CCL4,CD226"
"GO:BP","regulation of immune response","GO:0050776","0.000024317000395513437","4.614089998150149","811","73","16","21118","XCL1,CD8B1,KLRC1,HCST,IFNG,CYBA,CRTAM,THY1,BCL2A1D,HAVCR2,CCL5,TBX21,H2-D1,NDFIP1,CD226,ANXA1"
"GO:BP","eosinophil chemotaxis","GO:0048245","0.000025490474010653677","4.593622088489258","23","73","5","21118","LGALS3,CCL1,CCL5,CCL3,CCL4"
"GO:BP","response to stimulus","GO:0050896","0.000025694145599826478","4.590165819210567","9950","73","58","21118","BTG2,RGS16,XCL1,IL2RA,HSPA5,DUSP2,S100A4,CSF1,CDKN2A,RBPJ,CD8B1,CD8A,KLRC1,ZFP36,HCST,PRF1,SRGN,ITGB2,GADD45B,IFNG,JUND,CALR,IRF8,CYBA,LGALS3,GZMB,CRTAM,THY1,BCL2A1D,BCL2A1B,MAPKAPK3,CISH,CXCR6,PPIA,HAVCR2,MAP2K3,EIF5A,PFN1,CCL1,CCL5,CCL3,CCL4,ATP5G1,TBX21,SRSF2,F2R,GZMA,ID2,CALM1,SUB1,IL2RB,LGALS1,LITAF,H2-D1,H2-Q7,NDFIP1,CD226,ANXA1"
"GO:BP","response to cytokine","GO:0034097","0.000026386383935725153","4.578620122639533","935","73","17","21118","XCL1,IL2RA,HSPA5,CSF1,ZFP36,IFNG,IRF8,CYBA,MAPKAPK3,CXCR6,CCL1,CCL5,CCL3,CCL4,IL2RB,H2-Q7,ANXA1"
"GO:BP","negative regulation of leukocyte cell-cell adhesion","GO:1903038","0.00002779127169823725","4.556091579926811","129","73","8","21118","XCL1,IL2RA,CDKN2A,CRTAM,HAVCR2,TBX21,NDFIP1,ANXA1"
"GO:BP","negative regulation of leukocyte activation","GO:0002695","0.000031907678110717383","4.496104797824405","188","73","9","21118","XCL1,IL2RA,CDKN2A,CRTAM,HAVCR2,TBX21,ID2,NDFIP1,ANXA1"
"GO:BP","cell migration","GO:0016477","0.00003323969203629828","4.478343008580943","1491","73","21","21118","XCL1,HSPA5,CSF1,RBPJ,ITGB2,IFNG,CALR,LGALS3,CRTAM,THY1,CXCR6,PPIA,MAP2K3,PFN1,CCL1,CCL5,CCL3,CCL4,TBX21,F2R,ANXA1"
"GO:BP","regulation of cell-cell adhesion","GO:0022407","0.000035389324056597375","4.451127732397618","418","73","12","21118","XCL1,IL2RA,CDKN2A,IFNG,CRTAM,THY1,HAVCR2,CCL5,TBX21,LGALS1,NDFIP1,ANXA1"
"GO:BP","regulation of cell adhesion","GO:0030155","0.000036260513727316114","4.440566047252145","720","73","15","21118","XCL1,IL2RA,CSF1,CDKN2A,RBPJ,IFNG,CALR,CRTAM,THY1,HAVCR2,CCL5,TBX21,LGALS1,NDFIP1,ANXA1"
"GO:BP","negative regulation of multicellular organismal process","GO:0051241","0.00003647643465011767","4.437987617916303","1083","73","18","21118","XCL1,CDKN2A,TNFRSF9,RBPJ,ZFP36,SRGN,IFNG,CALR,NUTF2,CYBA,THY1,HAVCR2,CCL3,TBX21,F2R,ID2,NDFIP1,ANXA1"
"GO:BP","immune response to tumor cell","GO:0002418","0.0000400325039451825","4.3975872448795","25","73","5","21118","XCL1,PRF1,CRTAM,HAVCR2,CD226"
"GO:BP","programmed cell death","GO:0012501","0.00004126380214018878","4.384430757641923","1975","73","24","21118","BTG2,IL2RA,HSPA5,CDKN2A,TNFRSF9,RBPJ,ZFP36,PRF1,SRGN,GADD45B,IFNG,LGALS3,GZMB,BCL2A1D,BCL2A1B,PPIA,EIF5A,CCL5,CCL3,F2R,GZMA,IL2RB,LGALS1,ANXA1"
"GO:BP","leukocyte proliferation","GO:0070661","0.00004209532387424076","4.375766144744035","339","73","11","21118","XCL1,IL2RA,CSF1,CDKN2A,IFNG,LGALS3,CRTAM,HAVCR2,CCL5,NDFIP1,ANXA1"
"GO:BP","positive regulation of intracellular signal transduction","GO:1902533","0.00004456466533810437","4.351009350497332","969","73","17","21118","XCL1,S100A4,CSF1,CDKN2A,CD8A,HCST,GADD45B,CALR,PPIA,HAVCR2,MAP2K3,CCL1,CCL5,CCL3,CCL4,F2R,LITAF"
"GO:BP","positive regulation of calcium ion transport","GO:0051928","0.000049939234091183724","4.301558122627909","139","73","8","21118","XCL1,LGALS3,THY1,CCL5,CCL3,CCL4,F2R,CALM1"
"GO:BP","negative regulation of cytokine production","GO:0001818","0.00005219863826334728","4.282340826546168","268","73","10","21118","XCL1,TNFRSF9,ZFP36,SRGN,IFNG,NUTF2,HAVCR2,TBX21,NDFIP1,ANXA1"
"GO:BP","eosinophil migration","GO:0072677","0.00006050276968560677","4.21822474383277","27","73","5","21118","LGALS3,CCL1,CCL5,CCL3,CCL4"
"GO:BP","response to interferon-gamma","GO:0034341","0.0000623424254481057","4.205216305391909","143","73","8","21118","XCL1,IFNG,IRF8,CCL1,CCL5,CCL3,CCL4,H2-Q7"
"GO:BP","positive regulation of multicellular organismal process","GO:0051240","0.00006885469370520588","4.162066449295362","1555","73","21","21118","XCL1,IL2RA,HSPA5,CSF1,RBPJ,ITGB2,IFNG,IRF8,CYBA,CRTAM,HAVCR2,CCL1,CCL5,CCL3,CCL4,ATP5G1,TBX21,F2R,ID2,CD226,ANXA1"
"GO:BP","cellular response to stimulus","GO:0051716","0.00007341431141125202","4.13421927031441","8351","73","52","21118","BTG2,RGS16,XCL1,IL2RA,HSPA5,DUSP2,S100A4,CSF1,CDKN2A,RBPJ,CD8A,KLRC1,ZFP36,HCST,SRGN,ITGB2,GADD45B,IFNG,JUND,CALR,IRF8,CYBA,LGALS3,GZMB,THY1,BCL2A1D,BCL2A1B,MAPKAPK3,CISH,CXCR6,PPIA,HAVCR2,MAP2K3,EIF5A,PFN1,CCL1,CCL5,CCL3,CCL4,ATP5G1,TBX21,F2R,GZMA,ID2,CALM1,SUB1,IL2RB,LGALS1,LITAF,H2-Q7,CD226,ANXA1"
"GO:BP","T cell mediated immunity","GO:0002456","0.0000815888396356231","4.088369243404808","97","73","7","21118","XCL1,CD8A,KLRC1,PRF1,GZMB,TBX21,H2-D1"
"GO:BP","negative regulation of cell activation","GO:0050866","0.00008303118624796762","4.0807587573644","210","73","9","21118","XCL1,IL2RA,CDKN2A,CRTAM,HAVCR2,TBX21,ID2,NDFIP1,ANXA1"
"GO:BP","positive regulation of leukocyte chemotaxis","GO:0002690","0.00008762460393131658","4.057373932059035","98","73","7","21118","XCL1,CSF1,CALR,CCL1,CCL5,CCL3,CCL4"
"GO:BP","regulation of cell population proliferation","GO:0042127","0.0001098122578698848","3.9593491787555197","1753","73","22","21118","BTG2,XCL1,IL2RA,CSF1,CDKN2A,TNFRSF9,RBPJ,CNBP,ZFP36,IFNG,JUND,CALR,CYBA,LGALS3,CRTAM,HAVCR2,EIF5A,CCL5,F2R,ID2,NDFIP1,ANXA1"
"GO:BP","positive regulation of cell killing","GO:0031343","0.00012241202731985113","3.912175909461468","61","73","6","21118","XCL1,PRF1,IFNG,CRTAM,H2-D1,CD226"
"GO:BP","regulation of leukocyte mediated immunity","GO:0002703","0.0001237790319780596","3.9073529180580615","220","73","9","21118","XCL1,KLRC1,IFNG,CRTAM,HAVCR2,TBX21,H2-D1,NDFIP1,CD226"
"GO:BP","cellular response to organic substance","GO:0071310","0.00014171032349431786","3.8485985105619633","2453","73","26","21118","XCL1,IL2RA,HSPA5,CSF1,RBPJ,ZFP36,IFNG,CALR,IRF8,CYBA,CXCR6,HAVCR2,MAP2K3,EIF5A,PFN1,CCL1,CCL5,CCL3,CCL4,ATP5G1,TBX21,IL2RB,LGALS1,LITAF,H2-Q7,ANXA1"
"GO:BP","maintenance of location in cell","GO:0051651","0.00015581664860995708","3.8073861409308027","226","73","9","21118","XCL1,HSPA5,SRGN,CYBA,THY1,PFN1,CCL3,F2R,CALM1"
"GO:BP","lymphocyte migration","GO:0072676","0.00016113938768602988","3.792798290965544","107","73","7","21118","XCL1,CRTAM,CCL1,CCL5,CCL3,CCL4,TBX21"
"GO:BP","regulation of cell migration","GO:0030334","0.0001720220797890272","3.7644158059116006","934","73","16","21118","XCL1,HSPA5,CSF1,RBPJ,IFNG,CALR,LGALS3,THY1,MAP2K3,PFN1,CCL1,CCL5,CCL3,CCL4,F2R,ANXA1"
"GO:BP","cell motility","GO:0048870","0.00019586422839276718","3.708044874011371","1653","73","21","21118","XCL1,HSPA5,CSF1,RBPJ,ITGB2,IFNG,CALR,LGALS3,CRTAM,THY1,CXCR6,PPIA,MAP2K3,PFN1,CCL1,CCL5,CCL3,CCL4,TBX21,F2R,ANXA1"
"GO:BP","localization of cell","GO:0051674","0.00019586422839276718","3.708044874011371","1653","73","21","21118","XCL1,HSPA5,CSF1,RBPJ,ITGB2,IFNG,CALR,LGALS3,CRTAM,THY1,CXCR6,PPIA,MAP2K3,PFN1,CCL1,CCL5,CCL3,CCL4,TBX21,F2R,ANXA1"
"GO:BP","lymphocyte proliferation","GO:0046651","0.00019822241704290993","3.702847232557532","309","73","10","21118","XCL1,IL2RA,CDKN2A,IFNG,LGALS3,CRTAM,HAVCR2,CCL5,NDFIP1,ANXA1"
"GO:BP","cellular response to cytokine stimulus","GO:0071345","0.00020572176313983308","3.6867197622110535","822","73","15","21118","XCL1,IL2RA,HSPA5,CSF1,ZFP36,IFNG,IRF8,CYBA,CXCR6,CCL1,CCL5,CCL3,CCL4,IL2RB,H2-Q7"
"GO:BP","positive regulation of signal transduction","GO:0009967","0.00020935392077128302","3.6791189012480876","1506","73","20","21118","XCL1,S100A4,CSF1,CDKN2A,RBPJ,CD8A,HCST,GADD45B,CALR,CYBA,PPIA,HAVCR2,MAP2K3,CCL1,CCL5,CCL3,CCL4,F2R,LITAF,CD226"
"GO:BP","regulation of cell communication","GO:0010646","0.0002244883373495137","3.648806216604167","3265","73","30","21118","RGS16,XCL1,HSPA5,DUSP2,S100A4,CSF1,CDKN2A,RBPJ,CD8A,HCST,SRGN,GADD45B,IFNG,CALR,CYBA,LGALS3,THY1,CISH,PPIA,HAVCR2,MAP2K3,CCL1,CCL5,CCL3,CCL4,F2R,CALM1,LITAF,CD226,ANXA1"
"GO:BP","response to tumor cell","GO:0002347","0.0002381238225523763","3.6231971544250086","35","73","5","21118","XCL1,PRF1,CRTAM,HAVCR2,CD226"
"GO:BP","regulation of signaling","GO:0023051","0.00024224210303632585","3.615750371815478","3276","73","30","21118","RGS16,XCL1,HSPA5,DUSP2,S100A4,CSF1,CDKN2A,RBPJ,CD8A,HCST,SRGN,GADD45B,IFNG,CALR,CYBA,LGALS3,THY1,CISH,PPIA,HAVCR2,MAP2K3,CCL1,CCL5,CCL3,CCL4,F2R,CALM1,LITAF,CD226,ANXA1"
"GO:BP","taxis","GO:0042330","0.00025434269575388404","3.594580729978103","605","73","13","21118","XCL1,CSF1,IFNG,CALR,LGALS3,CXCR6,PPIA,CCL1,CCL5,CCL3,CCL4,ID2,ANXA1"
"GO:BP","locomotion","GO:0040011","0.0002558106667580519","3.5920813503281335","1839","73","22","21118","XCL1,HSPA5,CSF1,RBPJ,ITGB2,IFNG,CALR,LGALS3,CRTAM,THY1,CXCR6,PPIA,MAP2K3,PFN1,CCL1,CCL5,CCL3,CCL4,TBX21,F2R,ID2,ANXA1"
"GO:BP","negative regulation of T cell proliferation","GO:0042130","0.0003072664733879536","3.5124848241137547","71","73","6","21118","XCL1,IL2RA,CDKN2A,CRTAM,HAVCR2,NDFIP1"
"GO:BP","regulation of leukocyte mediated cytotoxicity","GO:0001910","0.0003072664733879536","3.5124848241137547","71","73","6","21118","XCL1,KLRC1,CRTAM,HAVCR2,H2-D1,CD226"
"GO:BP","regulation of lymphocyte differentiation","GO:0045619","0.00033964056698825945","3.4689804427892446","178","73","8","21118","IL2RA,CDKN2A,IFNG,CRTAM,TBX21,ID2,NDFIP1,ANXA1"
"GO:BP","regulation of cell motility","GO:2000145","0.00035944574344340597","3.444366654937371","986","73","16","21118","XCL1,HSPA5,CSF1,RBPJ,IFNG,CALR,LGALS3,THY1,MAP2K3,PFN1,CCL1,CCL5,CCL3,CCL4,F2R,ANXA1"
"GO:BP","positive regulation of cell communication","GO:0010647","0.0004020954986471758","3.3956707886818065","1725","73","21","21118","XCL1,S100A4,CSF1,CDKN2A,RBPJ,CD8A,HCST,GADD45B,IFNG,CALR,CYBA,PPIA,HAVCR2,MAP2K3,CCL1,CCL5,CCL3,CCL4,F2R,LITAF,CD226"
"GO:BP","T cell mediated cytotoxicity","GO:0001913","0.0004178182574311423","3.379012586547292","39","73","5","21118","XCL1,KLRC1,PRF1,GZMB,H2-D1"
"GO:BP","regulation of leukocyte chemotaxis","GO:0002688","0.0004200959500240253","3.3766515053001322","123","73","7","21118","XCL1,CSF1,CALR,CCL1,CCL5,CCL3,CCL4"
"GO:BP","positive regulation of signaling","GO:0023056","0.0004303353993519722","3.3661929274222415","1732","73","21","21118","XCL1,S100A4,CSF1,CDKN2A,RBPJ,CD8A,HCST,GADD45B,IFNG,CALR,CYBA,PPIA,HAVCR2,MAP2K3,CCL1,CCL5,CCL3,CCL4,F2R,LITAF,CD226"
"GO:BP","positive regulation of defense response","GO:0031349","0.00044914631646641225","3.3476121576992344","256","73","9","21118","XCL1,IFNG,CYBA,CRTAM,HAVCR2,CCL1,CCL5,CCL3,CD226"
"GO:BP","regulation of cell death","GO:0010941","0.00046484585628021554","3.332691036067105","1740","73","21","21118","BTG2,HSPA5,CSF1,CDKN2A,RBPJ,ZFP36,PRF1,GADD45B,IFNG,LGALS3,BCL2A1D,BCL2A1B,PPIA,EIF5A,CCL5,CCL3,ATP5G1,F2R,GZMA,IL2RB,ANXA1"
"GO:BP","regulation of immune effector process","GO:0002697","0.0004673728904714759","3.3303364820595265","339","73","10","21118","XCL1,KLRC1,IFNG,CRTAM,HAVCR2,TBX21,H2-D1,NDFIP1,CD226,ANXA1"
"GO:BP","cell population proliferation","GO:0008283","0.0004691069212844078","3.328728159349897","2072","73","23","21118","BTG2,XCL1,IL2RA,SH2D2A,CSF1,CDKN2A,TNFRSF9,RBPJ,CNBP,ZFP36,IFNG,JUND,CALR,CYBA,LGALS3,CRTAM,HAVCR2,EIF5A,CCL5,F2R,ID2,NDFIP1,ANXA1"
"GO:BP","negative regulation of cell-cell adhesion","GO:0022408","0.00047561064979596894","3.3227484292933807","186","73","8","21118","XCL1,IL2RA,CDKN2A,CRTAM,HAVCR2,TBX21,NDFIP1,ANXA1"
"GO:BP","regulation of metabolic process","GO:0019222","0.0004912237371854344","3.3087206551413813","6841","73","45","21118","BTG2,XCL1,HSPA5,DUSP2,CSF1,CDKN2A,TNFRSF9,RBPJ,CNBP,ZFP36,SRGN,ITGB2,GADD45B,IFNG,JUND,CALR,NUTF2,IRF8,CYBA,PSME2,CRTAM,THY1,BCL2A1D,CISH,PPIA,HAVCR2,MAP2K3,EIF5A,PFN1,CCL1,CCL5,CCL3,CCL4,ATP5G1,TBX21,SRSF2,F2R,GZMA,ID2,CALM1,SUB1,LITAF,NDFIP1,CD226,ANXA1"
"GO:BP","regulation of macromolecule metabolic process","GO:0060255","0.0005823612187346626","3.2348075537676872","6363","73","43","21118","BTG2,XCL1,HSPA5,DUSP2,CSF1,CDKN2A,TNFRSF9,RBPJ,CNBP,ZFP36,SRGN,ITGB2,GADD45B,IFNG,JUND,CALR,NUTF2,IRF8,CYBA,PSME2,CRTAM,THY1,BCL2A1D,PPIA,HAVCR2,MAP2K3,EIF5A,PFN1,CCL1,CCL5,CCL3,CCL4,TBX21,SRSF2,F2R,GZMA,ID2,CALM1,SUB1,LITAF,NDFIP1,CD226,ANXA1"
"GO:BP","response to interleukin-1","GO:0070555","0.0006457835259046846","3.1899130381357463","131","73","7","21118","XCL1,CYBA,CCL1,CCL5,CCL3,CCL4,ANXA1"
"GO:BP","regulation of molecular function","GO:0065009","0.0006595372827277709","3.180760649359032","3029","73","28","21118","RGS16,XCL1,DUSP2,CSF1,CDKN2A,ZFP36,ITGB2,GADD45B,IFNG,CYBA,PSME2,THY1,BCL2A1D,CISH,PPIA,HAVCR2,MAP2K3,PFN1,CCL1,CCL5,CCL3,CCL4,F2R,GZMA,ID2,CALM1,NDFIP1,ANXA1"
"GO:BP","regulation of locomotion","GO:0040012","0.0006904042852040597","3.160896521703766","1035","73","16","21118","XCL1,HSPA5,CSF1,RBPJ,IFNG,CALR,LGALS3,THY1,MAP2K3,PFN1,CCL1,CCL5,CCL3,CCL4,F2R,ANXA1"
"GO:BP","negative regulation of adaptive immune response based on somatic recombination of immune receptors built from immunoglobulin superfamily domains","GO:0002823","0.0006910834985568911","3.160469476834597","43","73","5","21118","XCL1,KLRC1,HAVCR2,TBX21,NDFIP1"
"GO:BP","chemokine-mediated signaling pathway","GO:0070098","0.0007290979729964023","3.137214109167894","82","73","6","21118","XCL1,CXCR6,CCL1,CCL5,CCL3,CCL4"
"GO:BP","positive regulation of leukocyte activation","GO:0002696","0.000731037082079093","3.136060592763252","450","73","11","21118","XCL1,IL2RA,IFNG,JUND,THY1,HAVCR2,CCL5,TBX21,LGALS1,CD226,ANXA1"
"GO:BP","positive regulation of T cell activation","GO:0050870","0.0007370856153041059","3.132482064251361","197","73","8","21118","XCL1,IL2RA,IFNG,THY1,HAVCR2,CCL5,LGALS1,ANXA1"
"GO:BP","regulation of signal transduction","GO:0009966","0.000740188316192189","3.130657774487202","2853","73","27","21118","RGS16,XCL1,HSPA5,DUSP2,S100A4,CSF1,CDKN2A,RBPJ,CD8A,HCST,GADD45B,IFNG,CALR,CYBA,LGALS3,THY1,CISH,PPIA,HAVCR2,MAP2K3,CCL1,CCL5,CCL3,CCL4,F2R,LITAF,CD226"
"GO:BP","T cell differentiation","GO:0030217","0.0007481138149650527","3.1260323253292404","272","73","9","21118","IL2RA,CDKN2A,CD8A,KLRC1,IFNG,CRTAM,BCL2A1D,TBX21,ANXA1"
"GO:BP","positive regulation of mononuclear cell proliferation","GO:0032946","0.0007532957065013925","3.1230345078734913","134","73","7","21118","XCL1,IL2RA,CSF1,IFNG,HAVCR2,CCL5,ANXA1"
"GO:BP","intracellular signal transduction","GO:0035556","0.0008032304341435106","3.0951598446086876","2491","73","25","21118","XCL1,DUSP2,S100A4,CSF1,CDKN2A,CD8A,ZFP36,HCST,GADD45B,CALR,BCL2A1D,BCL2A1B,MAPKAPK3,CISH,CXCR6,PPIA,HAVCR2,MAP2K3,CCL1,CCL5,CCL3,CCL4,F2R,CALM1,LITAF"
"GO:BP","regulation of calcium ion transport","GO:0051924","0.0008201805456357362","3.0860905362229434","275","73","9","21118","XCL1,CYBA,LGALS3,THY1,CCL5,CCL3,CCL4,F2R,CALM1"
"GO:BP","negative regulation of lymphocyte mediated immunity","GO:0002707","0.0008724490508333237","3.0592599255011788","45","73","5","21118","XCL1,KLRC1,HAVCR2,TBX21,NDFIP1"
"GO:BP","positive regulation of cell activation","GO:0050867","0.0009481310471524322","3.0231316319426997","462","73","11","21118","XCL1,IL2RA,IFNG,JUND,THY1,HAVCR2,CCL5,TBX21,LGALS1,CD226,ANXA1"
"GO:BP","negative regulation of lymphocyte proliferation","GO:0050672","0.0009683504271835204","3.0139674515224493","86","73","6","21118","XCL1,IL2RA,CDKN2A,CRTAM,HAVCR2,NDFIP1"
"GO:BP","negative regulation of mononuclear cell proliferation","GO:0032945","0.0010372547060002037","2.98411458611067","87","73","6","21118","XCL1,IL2RA,CDKN2A,CRTAM,HAVCR2,NDFIP1"
"GO:BP","regulation of metal ion transport","GO:0010959","0.0010737436235213197","2.969099402231926","284","73","9","21118","XCL1,CYBA,LGALS3,THY1,CCL5,CCL3,CCL4,F2R,CALM1"
"GO:BP","regulation of cellular component movement","GO:0051270","0.0011305204450026056","2.9467215792084707","1074","73","16","21118","XCL1,HSPA5,CSF1,RBPJ,IFNG,CALR,LGALS3,THY1,MAP2K3,PFN1,CCL1,CCL5,CCL3,CCL4,F2R,ANXA1"
"GO:BP","response to lipopolysaccharide","GO:0032496","0.0011489661165801598","2.9396927786217613","374","73","10","21118","ZFP36,IFNG,JUND,IRF8,MAPKAPK3,HAVCR2,CCL5,CCL3,F2R,LITAF"
"GO:BP","negative regulation of adaptive immune response","GO:0002820","0.0012129396003948839","2.91616082474621","48","73","5","21118","XCL1,KLRC1,HAVCR2,TBX21,NDFIP1"
"GO:BP","cell adhesion","GO:0007155","0.0012572667646886424","2.900572564684386","1372","73","18","21118","XCL1,IL2RA,CSF1,CDKN2A,RBPJ,ITGB2,IFNG,CALR,CRTAM,THY1,PPIA,HAVCR2,CCL5,TBX21,LGALS1,NDFIP1,CD226,ANXA1"
"GO:BP","negative regulation of cell adhesion","GO:0007162","0.0012783008654456518","2.8933669170502014","290","73","9","21118","XCL1,IL2RA,CDKN2A,CRTAM,HAVCR2,TBX21,LGALS1,NDFIP1,ANXA1"
"GO:BP","viral transcription","GO:0019083","0.001347154050247462","2.870582738837523","49","73","5","21118","ZFP36,PFN1,CCL5,CCL3,CCL4"
"GO:BP","cell-cell adhesion","GO:0098609","0.0013876121658390277","2.857731901152264","825","73","14","21118","XCL1,IL2RA,CDKN2A,ITGB2,IFNG,CRTAM,THY1,PPIA,HAVCR2,CCL5,TBX21,LGALS1,NDFIP1,ANXA1"
"GO:BP","positive regulation of lymphocyte chemotaxis","GO:0140131","0.0013927655242027396","2.856121992058603","21","73","4","21118","XCL1,CCL5,CCL3,CCL4"
"GO:BP","biological adhesion","GO:0022610","0.0014268254540935222","2.8456291515948604","1384","73","18","21118","XCL1,IL2RA,CSF1,CDKN2A,RBPJ,ITGB2,IFNG,CALR,CRTAM,THY1,PPIA,HAVCR2,CCL5,TBX21,LGALS1,NDFIP1,CD226,ANXA1"
"GO:BP","negative regulation of leukocyte proliferation","GO:0070664","0.0014448897232761718","2.8401652978210805","92","73","6","21118","XCL1,IL2RA,CDKN2A,CRTAM,HAVCR2,NDFIP1"
"GO:BP","positive regulation of leukocyte proliferation","GO:0070665","0.0014759093351607785","2.8309403203237893","148","73","7","21118","XCL1,IL2RA,CSF1,IFNG,HAVCR2,CCL5,ANXA1"
"GO:BP","positive regulation of chemotaxis","GO:0050921","0.0014759093351607785","2.8309403203237893","148","73","7","21118","XCL1,CSF1,CALR,CCL1,CCL5,CCL3,CCL4"
"GO:BP","positive regulation of leukocyte cell-cell adhesion","GO:1903039","0.001532714009391009","2.8145388730192886","217","73","8","21118","XCL1,IL2RA,IFNG,THY1,HAVCR2,CCL5,LGALS1,ANXA1"
"GO:BP","cellular response to chemokine","GO:1990869","0.0015403420166607191","2.812382837957803","93","73","6","21118","XCL1,CXCR6,CCL1,CCL5,CCL3,CCL4"
"GO:BP","response to chemokine","GO:1990868","0.0015403420166607191","2.812382837957803","93","73","6","21118","XCL1,CXCR6,CCL1,CCL5,CCL3,CCL4"
"GO:BP","response to molecule of bacterial origin","GO:0002237","0.001680376592802923","2.7745933766980357","390","73","10","21118","ZFP36,IFNG,JUND,IRF8,MAPKAPK3,HAVCR2,CCL5,CCL3,F2R,LITAF"
"GO:BP","chemotaxis","GO:0006935","0.001736859132665604","2.7602354034221284","600","73","12","21118","XCL1,CSF1,IFNG,CALR,LGALS3,CXCR6,PPIA,CCL1,CCL5,CCL3,CCL4,ANXA1"
"GO:BP","positive regulation of T cell proliferation","GO:0042102","0.0019752873659010265","2.7043697140392564","97","73","6","21118","XCL1,IL2RA,IFNG,HAVCR2,CCL5,ANXA1"
"GO:BP","cellular metal ion homeostasis","GO:0006875","0.0019952796083347176","2.6999962358930185","608","73","12","21118","XCL1,IFNG,CYBA,THY1,CXCR6,EIF5A,CCL1,CCL5,CCL3,F2R,CALM1,NDFIP1"
"GO:BP","positive regulation of catalytic activity","GO:0043085","0.0020412990759892703","2.6900933610182256","1268","73","17","21118","RGS16,XCL1,CSF1,CDKN2A,GADD45B,IFNG,CYBA,PSME2,THY1,PPIA,MAP2K3,CCL1,CCL5,CCL3,CCL4,F2R,CALM1"
"GO:BP","regulation of response to tumor cell","GO:0002834","0.002049894125431935","2.68826856915307","23","73","4","21118","XCL1,CRTAM,HAVCR2,CD226"
"GO:BP","regulation of immune response to tumor cell","GO:0002837","0.002049894125431935","2.68826856915307","23","73","4","21118","XCL1,CRTAM,HAVCR2,CD226"
"GO:BP","regulation of programmed cell death","GO:0043067","0.00228871700217151","2.6404079041334523","1587","73","19","21118","BTG2,HSPA5,CDKN2A,RBPJ,ZFP36,PRF1,GADD45B,IFNG,LGALS3,BCL2A1D,BCL2A1B,PPIA,EIF5A,CCL5,CCL3,F2R,GZMA,IL2RB,ANXA1"
"GO:BP","positive regulation of ion transport","GO:0043270","0.0024076255807810253","2.618411050987295","313","73","9","21118","XCL1,IFNG,LGALS3,THY1,CCL5,CCL3,CCL4,F2R,CALM1"
"GO:BP","inflammatory cell apoptotic process","GO:0006925","0.002453450524339578","2.610222695467031","24","73","4","21118","CDKN2A,IFNG,CCL5,ANXA1"
"GO:BP","metal ion transport","GO:0030001","0.0024957418523914297","2.6028003380120044","510","73","11","21118","TMEM163,XCL1,CYBA,LGALS3,THY1,CCL5,CCL3,CCL4,F2R,CALM1,NDFIP1"
"GO:BP","negative regulation of leukocyte differentiation","GO:1902106","0.0025059149779277498","2.6010336680757917","101","73","6","21118","CDKN2A,IFNG,CCL3,TBX21,ID2,ANXA1"
"GO:BP","granzyme-mediated programmed cell death signaling pathway","GO:0140507","0.002543123755978254","2.5946325052467434","7","73","3","21118","SRGN,GZMB,GZMA"
"GO:BP","regulation of multicellular organismal development","GO:2000026","0.002631941437231115","2.5797237783446807","1444","73","18","21118","IL2RA,HSPA5,CSF1,CDKN2A,RBPJ,ZFP36,SRGN,ITGB2,IFNG,CRTAM,THY1,CCL5,CCL3,ATP5G1,TBX21,ID2,NDFIP1,ANXA1"
"GO:BP","positive regulation of transport","GO:0051050","0.00264047156831891","2.5783185044825063","1005","73","15","21118","XCL1,IFNG,CALR,NUTF2,CYBA,LGALS3,THY1,PPIA,CCL5,CCL3,CCL4,F2R,CALM1,IL2RB,ANXA1"
"GO:BP","negative regulation of leukocyte mediated immunity","GO:0002704","0.0026483749792637784","2.5770205238034842","56","73","5","21118","XCL1,KLRC1,HAVCR2,TBX21,NDFIP1"
"GO:BP","negative regulation of hemopoiesis","GO:1903707","0.0028118925090788","2.5510012852191397","103","73","6","21118","CDKN2A,IFNG,CCL3,TBX21,ID2,ANXA1"
"GO:BP","lymphocyte chemotaxis","GO:0048247","0.0028952497591760488","2.538313965838694","57","73","5","21118","XCL1,CCL1,CCL5,CCL3,CCL4"
"GO:BP","negative regulation of interleukin-2 production","GO:0032703","0.0029131491948908906","2.5356372727157552","25","73","4","21118","XCL1,ZFP36,HAVCR2,TBX21"
"GO:BP","regulation of lymphocyte chemotaxis","GO:1901623","0.0029131491948908906","2.5356372727157552","25","73","4","21118","XCL1,CCL5,CCL3,CCL4"
"GO:BP","negative regulation of response to stimulus","GO:0048585","0.0030011305313020838","2.5227151149412337","1616","73","19","21118","RGS16,XCL1,IL2RA,HSPA5,DUSP2,KLRC1,ZFP36,CALR,LGALS3,THY1,CISH,PPIA,HAVCR2,MAP2K3,CCL5,TBX21,LITAF,NDFIP1,ANXA1"
"GO:BP","regulation of catalytic activity","GO:0050790","0.0031545182046186053","2.5010669619518975","2308","73","23","21118","RGS16,XCL1,DUSP2,CSF1,CDKN2A,ZFP36,GADD45B,IFNG,CYBA,PSME2,THY1,BCL2A1D,CISH,PPIA,MAP2K3,CCL1,CCL5,CCL3,CCL4,F2R,GZMA,CALM1,ANXA1"
"GO:BP","regulation of interleukin-2 production","GO:0032663","0.003159899351615796","2.500326750208812","58","73","5","21118","XCL1,ZFP36,HAVCR2,TBX21,ANXA1"
"GO:BP","natural killer cell mediated cytotoxicity","GO:0042267","0.003159899351615796","2.500326750208812","58","73","5","21118","KLRC1,GZMB,CRTAM,HAVCR2,CD226"
"GO:BP","interleukin-2 production","GO:0032623","0.003159899351615796","2.500326750208812","58","73","5","21118","XCL1,ZFP36,HAVCR2,TBX21,ANXA1"
"GO:BP","cytokine-mediated signaling pathway","GO:0019221","0.0032059382307987484","2.494044849505793","419","73","10","21118","XCL1,IL2RA,CSF1,IFNG,CXCR6,CCL1,CCL5,CCL3,CCL4,IL2RB"
"GO:BP","positive regulation of cellular metabolic process","GO:0031325","0.003304410741994785","2.4809059747006996","3275","73","28","21118","BTG2,HSPA5,CSF1,CDKN2A,RBPJ,CNBP,ZFP36,ITGB2,GADD45B,IFNG,JUND,IRF8,CYBA,PSME2,PPIA,MAP2K3,EIF5A,PFN1,CCL5,CCL3,TBX21,F2R,ID2,CALM1,SUB1,LITAF,NDFIP1,ANXA1"
"GO:BP","positive regulation of cell adhesion","GO:0045785","0.003490685998007585","2.457089216057184","423","73","10","21118","XCL1,IL2RA,CSF1,IFNG,CALR,THY1,HAVCR2,CCL5,LGALS1,ANXA1"
"GO:BP","regulation of B cell mediated immunity","GO:0002712","0.0037461950296905676","2.426409616679521","60","73","5","21118","XCL1,IFNG,TBX21,NDFIP1,CD226"
"GO:BP","natural killer cell mediated immunity","GO:0002228","0.0037461950296905676","2.426409616679521","60","73","5","21118","KLRC1,GZMB,CRTAM,HAVCR2,CD226"
"GO:BP","regulation of immunoglobulin mediated immune response","GO:0002889","0.0037461950296905676","2.426409616679521","60","73","5","21118","XCL1,IFNG,TBX21,NDFIP1,CD226"
"GO:BP","positive regulation of lymphocyte mediated immunity","GO:0002708","0.003917920471000768","2.406944383899237","109","73","6","21118","XCL1,IFNG,CRTAM,TBX21,H2-D1,CD226"
"GO:BP","antigen processing and presentation","GO:0019882","0.004132702186034305","2.383765890053904","110","73","6","21118","IFNG,CALR,PSME2,H2-D1,H2-Q7,H2-T22"
"GO:BP","positive regulation of hydrolase activity","GO:0051345","0.004191376797577612","2.377643295082881","653","73","12","21118","RGS16,XCL1,CDKN2A,IFNG,PSME2,THY1,CCL1,CCL5,CCL3,CCL4,F2R,CALM1"
"GO:BP","positive regulation of leukocyte differentiation","GO:1902107","0.0041973941578283425","2.3770202462919148","173","73","7","21118","IL2RA,CSF1,IFNG,CCL5,CCL3,ID2,ANXA1"
"GO:BP","positive regulation of hemopoiesis","GO:1903708","0.0041973941578283425","2.3770202462919148","173","73","7","21118","IL2RA,CSF1,IFNG,CCL5,CCL3,ID2,ANXA1"
"GO:BP","response to oxygen-containing compound","GO:1901700","0.004234784660410769","2.373168668727152","1820","73","20","21118","BTG2,HSPA5,CDKN2A,ZFP36,IFNG,JUND,CALR,IRF8,CYBA,MAPKAPK3,HAVCR2,CCL5,CCL3,ATP5G1,SRSF2,F2R,CALM1,LGALS1,LITAF,ANXA1"
"GO:BP","maintenance of location","GO:0051235","0.0043133826141901616","2.365182016497818","336","73","9","21118","XCL1,HSPA5,SRGN,CYBA,THY1,PFN1,CCL3,F2R,CALM1"
"GO:BP","negative regulation of immune effector process","GO:0002698","0.00459111648933847","2.3380816878405835","112","73","6","21118","XCL1,KLRC1,HAVCR2,TBX21,NDFIP1,ANXA1"
"GO:BP","positive regulation of cytosolic calcium ion concentration","GO:0007204","0.004985162561894426","2.3023206751491947","342","73","9","21118","XCL1,CYBA,THY1,CXCR6,EIF5A,CCL1,CCL3,F2R,CALM1"
"GO:BP","positive regulation of myeloid leukocyte differentiation","GO:0002763","0.0051740513767254545","2.2861692631885546","64","73","5","21118","CSF1,IFNG,CCL5,CCL3,ID2"
"GO:BP","positive regulation of molecular function","GO:0044093","0.0052467586241716725","2.2801089149519504","1678","73","19","21118","RGS16,XCL1,CSF1,CDKN2A,ITGB2,GADD45B,IFNG,CYBA,PSME2,THY1,PPIA,MAP2K3,PFN1,CCL1,CCL5,CCL3,CCL4,F2R,CALM1"
"GO:BP","positive regulation of cell-cell adhesion","GO:0022409","0.005426044239235269","2.265516669701323","257","73","8","21118","XCL1,IL2RA,IFNG,THY1,HAVCR2,CCL5,LGALS1,ANXA1"
"GO:BP","regulation of gene expression","GO:0010468","0.005497608127777052","2.259826220114492","4888","73","35","21118","BTG2,XCL1,CSF1,CDKN2A,TNFRSF9,RBPJ,CNBP,ZFP36,SRGN,ITGB2,IFNG,JUND,CALR,NUTF2,IRF8,CYBA,CRTAM,PPIA,HAVCR2,MAP2K3,EIF5A,PFN1,CCL1,CCL5,CCL3,CCL4,TBX21,SRSF2,F2R,ID2,SUB1,LITAF,NDFIP1,CD226,ANXA1"
"GO:BP","viral gene expression","GO:0019080","0.005590211724982083","2.2525717432316283","65","73","5","21118","ZFP36,PFN1,CCL5,CCL3,CCL4"
"GO:BP","regulation of inflammatory response","GO:0050727","0.005612035815241721","2.2508795660271037","347","73","9","21118","XCL1,IL2RA,ZFP36,IFNG,CCL1,CCL5,CCL3,NDFIP1,ANXA1"
"GO:BP","cellular cation homeostasis","GO:0030003","0.005632087307082059","2.249330621499098","672","73","12","21118","XCL1,IFNG,CYBA,THY1,CXCR6,EIF5A,CCL1,CCL5,CCL3,F2R,CALM1,NDFIP1"
"GO:BP","leukocyte apoptotic process","GO:0071887","0.005920929928367465","2.227610078574041","117","73","6","21118","IL2RA,CDKN2A,IFNG,LGALS3,CCL5,ANXA1"
"GO:BP","regulation of natural killer cell mediated cytotoxicity directed against tumor cell target","GO:0002858","0.006073200981951288","2.2165823464242647","9","73","3","21118","CRTAM,HAVCR2,CD226"
"GO:BP","natural killer cell mediated cytotoxicity directed against tumor cell target","GO:0002420","0.006073200981951288","2.2165823464242647","9","73","3","21118","CRTAM,HAVCR2,CD226"
"GO:BP","cellular response to biotic stimulus","GO:0071216","0.006257335105632658","2.203610586171581","262","73","8","21118","HSPA5,ZFP36,IFNG,IRF8,HAVCR2,CCL5,CCL3,LITAF"
"GO:BP","regulation of biological process","GO:0050789","0.006662210742869738","2.1763816335755184","12686","73","62","21118","BTG2,RGS16,XCL1,IL2RA,HSPA5,DUSP2,S100A4,CSF1,CDKN2A,TNFRSF9,RBPJ,CD8B1,CD8A,CNBP,KLRC1,ZFP36,HCST,PRF1,SRGN,ITGB2,GADD45B,IFNG,JUND,CALR,NUTF2,IRF8,CYBA,LGALS3,PSME2,GZMB,CRTAM,THY1,BCL2A1D,BCL2A1B,MAPKAPK3,CISH,CXCR6,PPIA,HAVCR2,MAP2K3,EIF5A,PFN1,CCL1,CCL5,CCL3,CCL4,ATP5G1,TBX21,SRSF2,F2R,GZMA,ID2,CALM1,SUB1,IL2RB,LGALS1,LITAF,H2-D1,MYL12A,NDFIP1,CD226,ANXA1"
"GO:BP","cellular ion homeostasis","GO:0006873","0.006854894354460454","2.163999234036892","685","73","12","21118","XCL1,IFNG,CYBA,THY1,CXCR6,EIF5A,CCL1,CCL5,CCL3,F2R,CALM1,NDFIP1"
"GO:BP","metal ion homeostasis","GO:0055065","0.006854894354460454","2.163999234036892","685","73","12","21118","XCL1,IFNG,CYBA,THY1,CXCR6,EIF5A,CCL1,CCL5,CCL3,F2R,CALM1,NDFIP1"
"GO:BP","positive regulation of osteoclast differentiation","GO:0045672","0.0071332903317464945","2.1467100994183457","31","73","4","21118","CSF1,IFNG,CCL5,CCL3"
"GO:BP","regulation of apoptotic process","GO:0042981","0.007193782688420401","2.143042685595259","1550","73","18","21118","BTG2,HSPA5,CDKN2A,RBPJ,ZFP36,GADD45B,IFNG,LGALS3,BCL2A1D,BCL2A1B,PPIA,EIF5A,CCL5,CCL3,F2R,GZMA,IL2RB,ANXA1"
"GO:BP","release of sequestered calcium ion into cytosol","GO:0051209","0.007914505643038316","2.101576206917306","123","73","6","21118","XCL1,CYBA,THY1,CCL3,F2R,CALM1"
"GO:BP","regulation of type 2 immune response","GO:0002828","0.00813105927734243","2.0898528728146064","32","73","4","21118","XCL1,TBX21,NDFIP1,ANXA1"
"GO:BP","movement of cell or subcellular component","GO:0006928","0.008163943266274867","2.0881000219899426","2075","73","21","21118","XCL1,HSPA5,CSF1,RBPJ,ITGB2,IFNG,CALR,LGALS3,CRTAM,THY1,CXCR6,PPIA,MAP2K3,PFN1,CCL1,CCL5,CCL3,CCL4,TBX21,F2R,ANXA1"
"GO:BP","negative regulation of sequestering of calcium ion","GO:0051283","0.008294361232679267","2.0812170543417836","124","73","6","21118","XCL1,CYBA,THY1,CCL3,F2R,CALM1"
"GO:BP","regulation of natural killer cell mediated immune response to tumor cell","GO:0002855","0.008654446177791928","2.062760718617541","10","73","3","21118","CRTAM,HAVCR2,CD226"
"GO:BP","natural killer cell mediated immune response to tumor cell","GO:0002423","0.008654446177791928","2.062760718617541","10","73","3","21118","CRTAM,HAVCR2,CD226"
"GO:BP","regulation of myeloid leukocyte differentiation","GO:0002761","0.008688913939065802","2.06103450430478","125","73","6","21118","CSF1,IFNG,CCL5,CCL3,ID2,NDFIP1"
"GO:BP","positive regulation of developmental process","GO:0051094","0.008795960559765725","2.055716726641228","1412","73","17","21118","IL2RA,HSPA5,CSF1,CDKN2A,RBPJ,ZFP36,ITGB2,IFNG,JUND,CALR,EIF5A,CCL5,CCL3,ATP5G1,TBX21,ID2,ANXA1"
"GO:BP","regulation of sequestering of calcium ion","GO:0051282","0.009098594642844298","2.0410256830625846","126","73","6","21118","XCL1,CYBA,THY1,CCL3,F2R,CALM1"
"GO:BP","homeostatic process","GO:0042592","0.009744961244409309","2.011219883726724","1922","73","20","21118","XCL1,IL2RA,CSF1,CDKN2A,RBPJ,ZFP36,IFNG,CYBA,THY1,CXCR6,EIF5A,CCL1,CCL5,CCL3,F2R,ID2,CALM1,LGALS1,NDFIP1,ANXA1"
"GO:BP","sequestering of calcium ion","GO:0051208","0.009965105991729362","2.001518077658086","128","73","6","21118","XCL1,CYBA,THY1,CCL3,F2R,CALM1"
"GO:BP","regulation of intracellular signal transduction","GO:1902531","0.01018403234671088","1.9920802299380878","1589","73","18","21118","XCL1,DUSP2,S100A4,CSF1,CDKN2A,CD8A,HCST,GADD45B,CALR,PPIA,HAVCR2,MAP2K3,CCL1,CCL5,CCL3,CCL4,F2R,LITAF"
"GO:BP","cellular response to tumor necrosis factor","GO:0071356","0.01024258277268026","1.9895905177264883","198","73","7","21118","XCL1,ZFP36,CYBA,CCL1,CCL5,CCL3,CCL4"
"GO:BP","response to lipid","GO:0033993","0.010374560630212056","1.9840302868968291","980","73","14","21118","ZFP36,IFNG,JUND,CALR,IRF8,CYBA,MAPKAPK3,HAVCR2,CCL5,CCL3,F2R,CALM1,LITAF,ANXA1"
"GO:BP","positive regulation of nitrogen compound metabolic process","GO:0051173","0.011081172642352642","1.9554142788534636","3069","73","26","21118","BTG2,HSPA5,CSF1,CDKN2A,RBPJ,CNBP,ZFP36,ITGB2,GADD45B,IFNG,JUND,IRF8,PSME2,PPIA,MAP2K3,EIF5A,PFN1,CCL5,CCL3,TBX21,F2R,ID2,CALM1,SUB1,LITAF,NDFIP1"
"GO:BP","positive regulation of leukocyte mediated immunity","GO:0002705","0.011389596118698542","1.9434916759674739","131","73","6","21118","XCL1,IFNG,CRTAM,TBX21,H2-D1,CD226"
"GO:BP","cellular calcium ion homeostasis","GO:0006874","0.011726413164117223","1.9308348081100206","485","73","10","21118","XCL1,CYBA,THY1,CXCR6,EIF5A,CCL1,CCL5,CCL3,F2R,CALM1"
"GO:BP","positive regulation of lymphocyte proliferation","GO:0050671","0.011899572951162275","1.9244686241773556","132","73","6","21118","XCL1,IL2RA,IFNG,HAVCR2,CCL5,ANXA1"
"GO:BP","regulation of cellular process","GO:0050794","0.01192217687049207","1.9236444395180383","12140","73","60","21118","BTG2,RGS16,XCL1,IL2RA,HSPA5,DUSP2,S100A4,CSF1,CDKN2A,TNFRSF9,RBPJ,CD8A,CNBP,KLRC1,ZFP36,HCST,PRF1,SRGN,ITGB2,GADD45B,IFNG,JUND,CALR,NUTF2,IRF8,CYBA,LGALS3,PSME2,GZMB,CRTAM,THY1,BCL2A1D,BCL2A1B,MAPKAPK3,CISH,CXCR6,PPIA,HAVCR2,MAP2K3,EIF5A,PFN1,CCL1,CCL5,CCL3,CCL4,ATP5G1,TBX21,SRSF2,F2R,GZMA,ID2,CALM1,SUB1,IL2RB,LGALS1,LITAF,H2-D1,NDFIP1,CD226,ANXA1"
"GO:BP","signal transduction","GO:0007165","0.011956109596073173","1.9224101126398105","6780","73","42","21118","RGS16,XCL1,IL2RA,HSPA5,DUSP2,S100A4,CSF1,CDKN2A,RBPJ,CD8A,KLRC1,ZFP36,HCST,SRGN,ITGB2,GADD45B,IFNG,CALR,CYBA,LGALS3,GZMB,THY1,BCL2A1D,BCL2A1B,MAPKAPK3,CISH,CXCR6,PPIA,HAVCR2,MAP2K3,CCL1,CCL5,CCL3,CCL4,F2R,GZMA,CALM1,SUB1,IL2RB,LITAF,CD226,ANXA1"
"GO:BP","lymphocyte activation involved in immune response","GO:0002285","0.012862246012165172","1.8906831880587986","205","73","7","21118","IFNG,IRF8,HAVCR2,TBX21,LGALS1,NDFIP1,ANXA1"
"GO:BP","positive regulation of immune response","GO:0050778","0.013027039502785347","1.8851542699120358","606","73","11","21118","XCL1,IFNG,CYBA,CRTAM,THY1,BCL2A1D,HAVCR2,TBX21,H2-D1,CD226,ANXA1"
"GO:BP","myeloid cell apoptotic process","GO:0033028","0.013180793103266959","1.8800584569643513","36","73","4","21118","CDKN2A,IFNG,CCL5,ANXA1"
"GO:BP","leukocyte activation involved in immune response","GO:0002366","0.013528954168195993","1.86873577446938","291","73","8","21118","IFNG,IRF8,HAVCR2,CCL3,TBX21,LGALS1,NDFIP1,ANXA1"
"GO:BP","regulation of cytosolic calcium ion concentration","GO:0051480","0.014438539776607875","1.8404767263666775","390","73","9","21118","XCL1,CYBA,THY1,CXCR6,EIF5A,CCL1,CCL3,F2R,CALM1"
"GO:BP","cellular chemical homeostasis","GO:0055082","0.01455486174055005","1.8369919156529528","870","73","13","21118","XCL1,IFNG,CYBA,THY1,CXCR6,EIF5A,CCL1,CCL5,CCL3,F2R,CALM1,LGALS1,NDFIP1"
"GO:BP","cell activation involved in immune response","GO:0002263","0.014579964738989188","1.8362435263390964","294","73","8","21118","IFNG,IRF8,HAVCR2,CCL3,TBX21,LGALS1,NDFIP1,ANXA1"
"GO:BP","calcium ion homeostasis","GO:0055074","0.015039588427834484","1.8227640484495697","499","73","10","21118","XCL1,CYBA,THY1,CXCR6,EIF5A,CCL1,CCL5,CCL3,F2R,CALM1"
"GO:BP","positive regulation of lymphocyte activation","GO:0051251","0.015353531839769445","1.8137917060441737","393","73","9","21118","XCL1,IL2RA,IFNG,THY1,HAVCR2,CCL5,TBX21,LGALS1,ANXA1"
"GO:BP","negative regulation of molecular function","GO:0044092","0.016187299551527132","1.7908255964405984","1166","73","15","21118","XCL1,DUSP2,CDKN2A,ZFP36,GADD45B,IFNG,THY1,BCL2A1D,PPIA,HAVCR2,GZMA,ID2,CALM1,NDFIP1,ANXA1"
"GO:BP","regulation of cell differentiation","GO:0045595","0.017015054906333565","1.7691666451294874","1649","73","18","21118","IL2RA,CSF1,CDKN2A,RBPJ,ZFP36,IFNG,JUND,CALR,CRTAM,THY1,EIF5A,CCL5,CCL3,ATP5G1,TBX21,ID2,NDFIP1,ANXA1"
"GO:BP","regulation of response to biotic stimulus","GO:0002831","0.017303873398249247","1.7618566710217438","301","73","8","21118","XCL1,KLRC1,IFNG,CYBA,CRTAM,HAVCR2,CCL5,CD226"
"GO:BP","type 2 immune response","GO:0042092","0.01826114004515961","1.7384721128988412","39","73","4","21118","XCL1,TBX21,NDFIP1,ANXA1"
"GO:BP","cation homeostasis","GO:0055080","0.01837829576456342","1.7356947635898328","755","73","12","21118","XCL1,IFNG,CYBA,THY1,CXCR6,EIF5A,CCL1,CCL5,CCL3,F2R,CALM1,NDFIP1"
"GO:BP","regulation of myeloid cell differentiation","GO:0045637","0.018642601413131427","1.7294934857299444","217","73","7","21118","CSF1,ZFP36,IFNG,CCL5,CCL3,ID2,NDFIP1"
"GO:BP","myeloid cell differentiation","GO:0030099","0.018771466003410665","1.726501808767592","403","73","9","21118","CSF1,RBPJ,ZFP36,IFNG,IRF8,CCL5,CCL3,ID2,NDFIP1"
"GO:BP","cellular divalent inorganic cation homeostasis","GO:0072503","0.018813158019236616","1.7255382966766624","512","73","10","21118","XCL1,CYBA,THY1,CXCR6,EIF5A,CCL1,CCL5,CCL3,F2R,CALM1"
"GO:BP","regulation of hydrolase activity","GO:0051336","0.019242219482203747","1.7157448359738354","1183","73","15","21118","RGS16,XCL1,CDKN2A,IFNG,PSME2,THY1,BCL2A1D,CCL1,CCL5,CCL3,CCL4,F2R,GZMA,CALM1,ANXA1"
"GO:BP","myeloid leukocyte differentiation","GO:0002573","0.019788446526212217","1.7035882983441395","219","73","7","21118","CSF1,RBPJ,IFNG,CCL5,CCL3,ID2,NDFIP1"
"GO:BP","positive regulation of MAPK cascade","GO:0043410","0.020127806089392478","1.6962035601931165","516","73","10","21118","XCL1,GADD45B,PPIA,HAVCR2,MAP2K3,CCL1,CCL5,CCL3,CCL4,F2R"
"GO:BP","regulation of release of sequestered calcium ion into cytosol","GO:0051279","0.021040986911087467","1.6769338937964615","85","73","5","21118","XCL1,CYBA,THY1,F2R,CALM1"
"GO:BP","response to organic cyclic compound","GO:0014070","0.021064261532634108","1.6764537616937318","1043","73","14","21118","BTG2,HSPA5,CDKN2A,ZFP36,JUND,CALR,CYBA,CCL5,CCL3,ATP5G1,SRSF2,CALM1,LGALS1,ANXA1"
"GO:BP","response to bacterium","GO:0009617","0.021413456895205622","1.669313216436375","902","73","13","21118","RBPJ,ZFP36,IFNG,JUND,IRF8,CYBA,MAPKAPK3,HAVCR2,CCL5,CCL3,F2R,GZMA,LITAF"
"GO:BP","positive regulation of cell population proliferation","GO:0008284","0.021524122970821784","1.6670745354233147","1045","73","14","21118","XCL1,IL2RA,CSF1,RBPJ,CNBP,IFNG,CALR,CYBA,HAVCR2,EIF5A,CCL5,F2R,ID2,ANXA1"
"GO:BP","inorganic ion homeostasis","GO:0098771","0.021804895448975875","1.6614459913588975","768","73","12","21118","XCL1,IFNG,CYBA,THY1,CXCR6,EIF5A,CCL1,CCL5,CCL3,F2R,CALM1,NDFIP1"
"GO:BP","response to tumor necrosis factor","GO:0034612","0.022255881727602702","1.6525551952773518","223","73","7","21118","XCL1,ZFP36,CYBA,CCL1,CCL5,CCL3,CCL4"
"GO:BP","macrophage chemotaxis","GO:0048246","0.022366574099916887","1.6504005319267578","41","73","4","21118","CSF1,LGALS3,CCL5,CCL3"
"GO:BP","positive regulation of lymphocyte migration","GO:2000403","0.022366574099916887","1.6504005319267578","41","73","4","21118","XCL1,CCL5,CCL3,CCL4"
"GO:BP","MAPK cascade","GO:0000165","0.022670999465004362","1.6445293333111464","771","73","12","21118","XCL1,DUSP2,ZFP36,GADD45B,PPIA,HAVCR2,MAP2K3,CCL1,CCL5,CCL3,CCL4,F2R"
"GO:BP","localization","GO:0051179","0.02280583576919341","1.641954007470495","6168","73","39","21118","TMEM163,XCL1,HSPA5,S100A6,CSF1,CDKN2A,RBPJ,SLC1A5,ZFP36,PRF1,SRGN,ITGB2,IFNG,CALR,NUTF2,IRF8,CYBA,LGALS3,CRTAM,THY1,MAPKAPK3,CXCR6,PPIA,MAP2K3,EIF5A,PFN1,CCL1,CCL5,CCL3,CCL4,ATP5G1,TBX21,F2R,CALM1,IL2RB,SFT2D1,MYL12A,NDFIP1,ANXA1"
"GO:BP","regulation of T cell differentiation","GO:0045580","0.02292217346263383","1.6397442052877162","148","73","6","21118","IL2RA,CDKN2A,IFNG,CRTAM,TBX21,ANXA1"
"GO:BP","regulation of chemotaxis","GO:0050920","0.0235820805280411","1.6274178819386325","225","73","7","21118","XCL1,CSF1,CALR,CCL1,CCL5,CCL3,CCL4"
"GO:BP","positive regulation of ERK1 and ERK2 cascade","GO:0070374","0.0235820805280411","1.6274178819386325","225","73","7","21118","XCL1,HAVCR2,CCL1,CCL5,CCL3,CCL4,F2R"
"GO:BP","calcium ion transmembrane import into cytosol","GO:0097553","0.023819141677079173","1.6230738923756771","149","73","6","21118","XCL1,CYBA,THY1,CCL3,F2R,CALM1"
"GO:BP","negative regulation of macromolecule metabolic process","GO:0010605","0.024266396456534483","1.614994711316902","2999","73","25","21118","BTG2,XCL1,DUSP2,CDKN2A,TNFRSF9,RBPJ,CNBP,ZFP36,SRGN,GADD45B,IFNG,CALR,NUTF2,IRF8,THY1,BCL2A1D,PPIA,HAVCR2,CCL3,TBX21,GZMA,ID2,SUB1,NDFIP1,ANXA1"
"GO:BP","regulation of natural killer cell mediated cytotoxicity","GO:0042269","0.024656490714983523","1.6080687351843514","42","73","4","21118","KLRC1,CRTAM,HAVCR2,CD226"
"GO:BP","macromolecule metabolic process","GO:0043170","0.025855417229866732","1.587448449608532","9484","73","51","21118","BTG2,XCL1,HSPA5,DUSP2,CSF1,CDKN2A,TNFRSF9,RBPJ,CNBP,ZFP36,HCST,SRGN,SNRPD3,ITGB2,GADD45B,IFNG,JUND,CALR,NUTF2,IRF8,CYBA,LGALS3,PSME2,GZMB,CRTAM,THY1,BCL2A1D,MAPKAPK3,CISH,PPIA,HAVCR2,MAP2K3,EIF5A,PSMB6,PFN1,CCL1,CCL5,CCL3,CCL4,TBX21,SRSF2,F2R,GZMA,ID2,CALM1,SUB1,LITAF,NDFIP1,CD226,CTSW,ANXA1"
"GO:BP","negative regulation of type 2 immune response","GO:0002829","0.025991987436605274","1.585160511582061","14","73","3","21118","TBX21,NDFIP1,ANXA1"
"GO:BP","negative regulation by host of viral transcription","GO:0043922","0.025991987436605274","1.585160511582061","14","73","3","21118","CCL5,CCL3,CCL4"
"GO:BP","B cell activation involved in immune response","GO:0002312","0.026341840914246222","1.5793538774015157","89","73","5","21118","IFNG,IRF8,TBX21,LGALS1,NDFIP1"
"GO:BP","divalent inorganic cation homeostasis","GO:0072507","0.02664107098388004","1.5744483203035342","533","73","10","21118","XCL1,CYBA,THY1,CXCR6,EIF5A,CCL1,CCL5,CCL3,F2R,CALM1"
"GO:BP","cellular response to lipopolysaccharide","GO:0071222","0.027186628098571825","1.5656446537215536","230","73","7","21118","ZFP36,IFNG,IRF8,HAVCR2,CCL5,CCL3,LITAF"
"GO:BP","positive regulation of immune effector process","GO:0002699","0.029560173137514523","1.5292930265543783","233","73","7","21118","XCL1,IFNG,CRTAM,TBX21,H2-D1,CD226,ANXA1"
"GO:BP","regulation of natural killer cell mediated immunity","GO:0002715","0.029748169891908788","1.5265397469200714","44","73","4","21118","KLRC1,CRTAM,HAVCR2,CD226"
"GO:BP","negative regulation of metabolic process","GO:0009892","0.029766493407924248","1.5262723236766287","3239","73","26","21118","BTG2,XCL1,DUSP2,CDKN2A,TNFRSF9,RBPJ,CNBP,ZFP36,SRGN,GADD45B,IFNG,CALR,NUTF2,IRF8,THY1,BCL2A1D,PPIA,HAVCR2,CCL3,ATP5G1,TBX21,GZMA,ID2,SUB1,NDFIP1,ANXA1"
"GO:BP","myeloid leukocyte activation","GO:0002274","0.03038845112677807","1.5172914349722384","234","73","7","21118","RBPJ,IFNG,JUND,HAVCR2,CCL5,CCL3,CD226"
"GO:BP","calcium ion transport","GO:0006816","0.030849266750061343","1.5107551541651554","429","73","9","21118","XCL1,CYBA,LGALS3,THY1,CCL5,CCL3,CCL4,F2R,CALM1"
"GO:BP","positive regulation of release of sequestered calcium ion into cytosol","GO:0051281","0.03256531338859906","1.48724473808611","45","73","4","21118","XCL1,THY1,F2R,CALM1"
"GO:BP","cellular response to molecule of bacterial origin","GO:0071219","0.032989326004554384","1.4816265573098546","237","73","7","21118","ZFP36,IFNG,IRF8,HAVCR2,CCL5,CCL3,LITAF"
"GO:BP","regulation of localization","GO:0032879","0.03662155837624548","1.4362631788818387","2868","73","24","21118","XCL1,HSPA5,CSF1,CDKN2A,RBPJ,ZFP36,IFNG,CALR,NUTF2,CYBA,LGALS3,THY1,PPIA,MAP2K3,PFN1,CCL1,CCL5,CCL3,CCL4,F2R,CALM1,IL2RB,NDFIP1,ANXA1"
"GO:BP","cell surface receptor signaling pathway","GO:0007166","0.03734897076936396","1.4277213615954272","2673","73","23","21118","XCL1,IL2RA,HSPA5,CSF1,RBPJ,CD8A,KLRC1,ITGB2,IFNG,LGALS3,THY1,BCL2A1D,BCL2A1B,CXCR6,CCL1,CCL5,CCL3,CCL4,F2R,SUB1,IL2RB,CD226,ANXA1"
"GO:BP","viral process","GO:0016032","0.037462981520403706","1.4263976619225671","335","73","8","21118","ZFP36,IFNG,PPIA,PFN1,CCL5,CCL3,CCL4,LGALS1"
"GO:BP","response to chemical","GO:0042221","0.0376174502372501","1.424610644868053","5544","73","36","21118","BTG2,XCL1,IL2RA,HSPA5,CSF1,CDKN2A,RBPJ,ZFP36,IFNG,JUND,CALR,IRF8,CYBA,LGALS3,MAPKAPK3,CXCR6,PPIA,HAVCR2,MAP2K3,EIF5A,PFN1,CCL1,CCL5,CCL3,CCL4,ATP5G1,TBX21,SRSF2,F2R,ID2,CALM1,IL2RB,LGALS1,LITAF,H2-Q7,ANXA1"
"GO:BP","regulation of alpha-beta T cell activation","GO:0046634","0.03807039857211566","1.4194125763833119","96","73","5","21118","XCL1,IFNG,CRTAM,TBX21,ANXA1"
"GO:BP","positive regulation of B cell mediated immunity","GO:0002714","0.038781638926882245","1.411373841418711","47","73","4","21118","XCL1,IFNG,TBX21,CD226"
"GO:BP","positive regulation of immunoglobulin mediated immune response","GO:0002891","0.038781638926882245","1.411373841418711","47","73","4","21118","XCL1,IFNG,TBX21,CD226"
"GO:BP","cellular homeostasis","GO:0019725","0.03958145285545399","1.4025082688581076","956","73","13","21118","XCL1,IFNG,CYBA,THY1,CXCR6,EIF5A,CCL1,CCL5,CCL3,F2R,CALM1,LGALS1,NDFIP1"
"GO:BP","negative regulation of gene expression","GO:0010629","0.04019115499422322","1.3958695130811618","1105","73","14","21118","BTG2,XCL1,TNFRSF9,ZFP36,SRGN,IFNG,CALR,NUTF2,HAVCR2,CCL3,TBX21,ID2,NDFIP1,ANXA1"
"GO:BP","ion homeostasis","GO:0050801","0.040775589216684","1.3895997545867513","818","73","12","21118","XCL1,IFNG,CYBA,THY1,CXCR6,EIF5A,CCL1,CCL5,CCL3,F2R,CALM1,NDFIP1"
"GO:BP","regulation of cellular metabolic process","GO:0031323","0.043441857537536724","1.362091612952944","6073","73","38","21118","BTG2,XCL1,HSPA5,DUSP2,CSF1,CDKN2A,RBPJ,CNBP,ZFP36,ITGB2,GADD45B,IFNG,JUND,CALR,IRF8,CYBA,PSME2,THY1,BCL2A1D,CISH,PPIA,HAVCR2,MAP2K3,EIF5A,PFN1,CCL5,CCL3,ATP5G1,TBX21,SRSF2,F2R,GZMA,ID2,CALM1,SUB1,LITAF,NDFIP1,ANXA1"
"GO:BP","positive regulation of leukocyte mediated cytotoxicity","GO:0001912","0.04582807044520506","1.3388684279972227","49","73","4","21118","XCL1,CRTAM,H2-D1,CD226"
"GO:BP","regulation of isotype switching to IgG isotypes","GO:0048302","0.04819572761827757","1.3169914587330327","17","73","3","21118","IFNG,TBX21,NDFIP1"
"GO:CC","cell surface","GO:0009986","1.5505065867606765e-8","7.809526384481321","1061","74","21","21016","IL2RA,HSPA5,TNFRSF9,CD8B1,CD8A,KLRC1,HCST,ITGB2,IFNG,CALR,THY1,CXCR6,HAVCR2,F2R,IL2RB,LGALS1,H2-D1,H2-Q7,H2-T22,CD226,ANXA1"
"GO:CC","side of membrane","GO:0098552","1.9388684568486263e-7","6.71245165477002","750","74","17","21016","IL2RA,S100A6,TNFRSF9,CD8B1,CD8A,KLRC1,IFNG,CALR,THY1,CXCR6,IL2RB,LITAF,H2-D1,H2-Q7,H2-T22,CD226,ANXA1"
"GO:CC","external side of plasma membrane","GO:0009897","2.1472072501602088e-7","6.668126035090062","556","74","15","21016","IL2RA,TNFRSF9,CD8B1,CD8A,KLRC1,IFNG,CALR,THY1,CXCR6,IL2RB,H2-D1,H2-Q7,H2-T22,CD226,ANXA1"
"GO:CC","extracellular region","GO:0005576","0.00022938752308747135","3.639430208063462","2711","74","26","21016","XCL1,HSPA5,S100A4,CSF1,TNFRSF9,PRF1,SRGN,IFNG,CALR,LGALS3,GZMB,PPIA,HAVCR2,PFN1,CCL1,CCL5,CCL3,CCL4,GZMA,LGALS1,H2-D1,H2-Q7,H2-T22,NDFIP1,CTSW,ANXA1"
"GO:CC","MHC class I peptide loading complex","GO:0042824","0.005081535383596115","2.2940050460083468","15","74","3","21016","CALR,H2-D1,H2-Q7"
"GO:CC","extracellular space","GO:0005615","0.026298577226983328","1.5800677465362625","1928","74","18","21016","XCL1,CSF1,TNFRSF9,PRF1,SRGN,IFNG,CALR,PPIA,CCL1,CCL5,CCL3,CCL4,LGALS1,H2-D1,H2-Q7,H2-T22,CTSW,ANXA1"
"GO:CC","mast cell granule","GO:0042629","0.04994521771154347","1.301506089438353","6","74","2","21016","SRGN,ANXA1"
"GO:CC","cytolytic granule","GO:0044194","0.04994521771154347","1.301506089438353","6","74","2","21016","PRF1,GZMB"
"KEGG","Antigen processing and presentation","KEGG:04612","5.683225063602456e-9","8.245405144950308","82","56","10","8790","HSPA5,CD8B1,CD8A,KLRC1,IFNG,CALR,PSME2,H2-D1,H2-Q7,H2-T22"
"KEGG","Graft-versus-host disease","KEGG:05332","0.0000036853282559350988","5.433523823030953","55","56","7","8790","KLRC1,PRF1,IFNG,GZMB,H2-D1,H2-Q7,H2-T22"
"KEGG","Viral protein interaction with cytokine and cytokine receptor","KEGG:04061","0.00000791860070899934","5.101351555538098","92","56","8","8790","XCL1,IL2RA,CSF1,CCL1,CCL5,CCL3,CCL4,IL2RB"
"KEGG","Allograft rejection","KEGG:05330","0.00009206505734545729","4.03590517199149","55","56","6","8790","PRF1,IFNG,GZMB,H2-D1,H2-Q7,H2-T22"
"KEGG","Cytokine-cytokine receptor interaction","KEGG:04060","0.00012283585062155747","3.9106748623901306","288","56","11","8790","XCL1,IL2RA,CSF1,TNFRSF9,IFNG,CXCR6,CCL1,CCL5,CCL3,CCL4,IL2RB"
"KEGG","Type I diabetes mellitus","KEGG:04940","0.00018866113841908342","3.724317549269531","62","56","6","8790","PRF1,IFNG,GZMB,H2-D1,H2-Q7,H2-T22"
"KEGG","Natural killer cell mediated cytotoxicity","KEGG:04650","0.000664664853775988","3.177397285291907","117","56","7","8790","KLRC1,HCST,PRF1,ITGB2,IFNG,GZMB,H2-D1"
"KEGG","Human T-cell leukemia virus 1 infection","KEGG:05166","0.0013798722491231137","2.860161119445934","239","56","9","8790","IL2RA,CDKN2A,ZFP36,ITGB2,CALR,IL2RB,H2-D1,H2-Q7,H2-T22"
"KEGG","Human cytomegalovirus infection","KEGG:05163","0.001912179356267201","2.718471374725217","249","56","9","8790","CDKN2A,CALR,CCL5,CCL3,CCL4,CALM1,H2-D1,H2-Q7,H2-T22"
"KEGG","Cell adhesion molecules","KEGG:04514","0.006149881097052327","2.2111332808738924","165","56","7","8790","CD8B1,CD8A,ITGB2,H2-D1,H2-Q7,H2-T22,CD226"
"KEGG","Autoimmune thyroid disease","KEGG:05320","0.006575102402290555","2.1820974789745686","71","56","5","8790","PRF1,GZMB,H2-D1,H2-Q7,H2-T22"
"KEGG","Cellular senescence","KEGG:04218","0.009229449869928163","2.0348241847351787","176","56","7","8790","CDKN2A,GADD45B,MAP2K3,CALM1,H2-D1,H2-Q7,H2-T22"
"KEGG","Viral myocarditis","KEGG:05416","0.011623532644943617","1.9346618603241514","80","56","5","8790","PRF1,ITGB2,H2-D1,H2-Q7,H2-T22"
"KEGG","Rheumatoid arthritis","KEGG:05323","0.0163576880625159","1.7862780779656593","86","56","5","8790","CSF1,ITGB2,IFNG,CCL5,CCL3"
"KEGG","Apoptosis","KEGG:04210","0.016798745307774275","1.7747231543609838","136","56","6","8790","PRF1,GADD45B,GZMB,BCL2A1D,BCL2A1B,CTSW"
"KEGG","Th1 and Th2 cell differentiation","KEGG:04658","0.017271482007876017","1.7626703954824468","87","56","5","8790","IL2RA,RBPJ,IFNG,TBX21,IL2RB"
"KEGG","Epstein-Barr virus infection","KEGG:05169","0.039421616146495884","1.4042655751576019","223","56","7","8790","RBPJ,GADD45B,CALR,MAP2K3,H2-D1,H2-Q7,H2-T22"
"REAC","Chemokine receptors bind chemokines","REAC:R-MMU-380108","0.00007886042459897436","4.1031408889354415","51","47","6","8631","XCL1,CXCR6,CCL1,CCL5,CCL3,CCL4"
"REAC","Peptide ligand-binding receptors","REAC:R-MMU-375276","0.00146582504959386","2.833917860888634","182","47","8","8631","XCL1,CXCR6,CCL1,CCL5,CCL3,CCL4,F2R,ANXA1"
"REAC","Antigen processing-Cross presentation","REAC:R-MMU-1236975","0.00264075397181955","2.5782720583380714","92","47","6","8631","CALR,CYBA,PSME2,PSMB6,H2-Q7,H2-T22"
"REAC","Immune System","REAC:R-MMU-168256","0.003538511185026248","2.451179427277177","1637","47","22","8631","IL2RA,HSPA5,CSF1,TNFRSF9,CD8B1,CD8A,KLRC1,HCST,IFNG,CALR,CYBA,PSME2,CRTAM,MAPKAPK3,PPIA,MAP2K3,PSMB6,CALM1,IL2RB,H2-Q7,H2-T22,CD226"
"REAC","Antigen Presentation: Folding, assembly and peptide loading of class I MHC","REAC:R-MMU-983170","0.025093556137396875","1.6004377882106997","44","47","4","8631","HSPA5,CALR,H2-Q7,H2-T22"
"REAC","Immunoregulatory interactions between a Lymphoid and a non-Lymphoid cell","REAC:R-MMU-198933","0.025187985929470465","1.5988065579757806","199","47","7","8631","CD8B1,CD8A,HCST,CRTAM,H2-Q7,H2-T22,CD226"
"REAC","Cytokine Signaling in Immune system","REAC:R-MMU-1280215","0.034533086896200216","1.4617645985383132","363","47","9","8631","IL2RA,CSF1,TNFRSF9,IFNG,PSME2,MAPKAPK3,MAP2K3,PSMB6,IL2RB"
"REAC","Adaptive Immune System","REAC:R-MMU-1280218","0.04155787559068894","1.3813466613752672","762","47","13","8631","HSPA5,CD8B1,CD8A,HCST,CALR,CYBA,PSME2,CRTAM,PSMB6,CALM1,H2-Q7,H2-T22,CD226"
"REAC","Class A/1 (Rhodopsin-like receptors)","REAC:R-MMU-373076","0.0426028718249337","1.3705611244727791","291","47","8","8631","XCL1,CXCR6,CCL1,CCL5,CCL3,CCL4,F2R,ANXA1"
"TF","Factor: PU.1; motif: WGAGGAAG","TF:M00658","0.005257156734838805","2.279249074900747","5070","74","35","21836","TMEM163,BTG2,RGS16,HSPA5,S100A4,S100A6,CSF1,CDKN2A,CD8B1,CD8A,HCST,NKG7,PRF1,GZMB,THY1,BCL2A1D,BCL2A1B,MAPKAPK3,HAVCR2,PSMB6,PFN1,CCL1,CCL5,CCL3,CCL4,ATP5G1,SRSF2,GZMA,ID2,IL2RB,LGALS1,LITAF,H2-D1,H2-Q7,MYL12A"
"TF","Factor: RelA-p65; motif: KGGRNTTTCCC","TF:M10399","0.030705182429468895","1.5127883179894726","4057","74","29","21836","TMEM163,BTG2,HSPA5,DUSP2,SH2D2A,S100A4,CSF1,TNFRSF9,CD8B1,SRGN,ITGB2,GADD45B,JUND,CALR,WDR83OS,IRF8,CYBA,PSME2,CISH,CXCR6,MAP2K3,PFN1,CCL5,CCL4,LGALS1,LITAF,H2-Q7,H2-T22,ANXA1"
"TF","Factor: c-Ets-2; motif: NNCTTCCTNNN","TF:M07379","0.03223447426139574","1.491679408661708","4294","74","30","21836","XCL1,SH2D2A,S100A4,S100A6,CD8B1,HCST,PRF1,SNRPD3,ITGB2,CALR,NUTF2,PSME2,GZMB,CRTAM,BCL2A1D,BCL2A1B,MAPKAPK3,HAVCR2,MAP2K3,PFN1,CCL1,CCL5,CCL4,TBX21,GZMA,IL2RB,LITAF,H2-T22,CD226,CTSW"
"TF","Factor: P50; motif: GGRRANTCCCNN; match class: 1","TF:M03557_1","0.04157321638361003","1.3811863742520971","1028","74","13","21836","IL2RA,GADD45B,CALR,PSME2,EIF5A,PFN1,CCL5,CALM1,IL2RB,LITAF,H2-D1,H2-Q7,H2-T22"
"HP","Lymphadenopathy","HP:0002716","0.005332969044692407","2.2730309371793567","196","18","7","4645","IL2RA,PRF1,CALR,IRF8,CYBA,SRSF2,IL2RB"
"HP","Abnormal leukocyte morphology","HP:0001881","0.00774270242672623","2.111107431542893","532","18","10","4645","IL2RA,RBPJ,CD8A,PRF1,ITGB2,IFNG,CALR,CYBA,HAVCR2,SRSF2"
"HP","Abnormal cellular immune system morphology","HP:0010987","0.00774270242672623","2.111107431542893","532","18","10","4645","IL2RA,RBPJ,CD8A,PRF1,ITGB2,IFNG,CALR,CYBA,HAVCR2,SRSF2"
"HP","Abnormality of the lymph nodes","HP:0002733","0.009285451454051095","2.032196976228253","213","18","7","4645","IL2RA,PRF1,CALR,IRF8,CYBA,SRSF2,IL2RB"
"HP","Abnormal immune system morphology","HP:0032251","0.011213187059251183","1.950270932853098","554","18","10","4645","IL2RA,RBPJ,CD8A,PRF1,ITGB2,IFNG,CALR,CYBA,HAVCR2,SRSF2"
"HP","Splenomegaly","HP:0001744","0.032644041614958805","1.4861960771726968","363","18","8","4645","PRF1,IFNG,CALR,IRF8,CYBA,HAVCR2,SRSF2,IL2RB"
"HP","Abnormal leukocyte count","HP:0011893","0.03754934906535954","1.4253975872822564","370","18","8","4645","IL2RA,RBPJ,CD8A,PRF1,ITGB2,IFNG,CALR,SRSF2"
